"title","hit","url"
"ë°•ê·¼í˜œ í˜•ê´‘ë“±? ìœ¤ì„ì—´ì€ ë¬´ì§€ê°œë‹¤","51","https://www.clien.net/service/board/park/16678381?od=T31&po=0&category=0&groupCd"
"íŠ¹ê²€ì„ í•˜ë”ë¼ë„ íŠ¹ì„ê²€ì‚¬ ì„ ì •ì— êµ­ì§ì€ ì œì™¸í•´ì•¼ í•©ë‹ˆë‹¤.","50","https://www.clien.net/service/board/park/16678378?od=T31&po=0&category=0&groupCd"
"ìŒí‰í•œ ë¯¸ì†Œì˜ ì•„ì €ì”¨ ë§Œí™”.ã„·ã„·ã„·ã„·ã„·","497","https://www.clien.net/service/board/park/16678376?od=T31&po=0&category=0&groupCd"
"ì˜¤ëŠ˜ì˜ í˜¼ë°¥ í•´ì¥, ì§œì¥ë©´ ê³±ë°°ê¸°.jpg","434","https://www.clien.net/service/board/park/16678374?od=T31&po=0&category=0&groupCd"
"ì˜¤ëŠ˜ ê³½ìƒë„ì‚¬ì§ì•ˆ ì²˜ë¦¬","664","https://www.clien.net/service/board/park/16678372?od=T31&po=0&category=0&groupCd"
"â€˜ê´‘ì£¼ ì‚¬ê³¼ í›„, ì „ë‘í™˜ ì¸ì‹ ë°”ë€Œì—ˆë‚˜â€™ ì§ˆë¬¸ì— ë‹µë³€ í”¼í•œ ìœ¤ì„ì—´, ì–´ì œëŠ”...","675","https://www.clien.net/service/board/park/16678371?od=T31&po=0&category=0&groupCd"
"ì™œ ê°™ì€ ì¢…ì¡±ì¸ë° ë‚˜ë³´ë‹¤ í‚¤ë„ í›¨ì”¬ í¬ê³  ë‹¤ë¦¬ë„ ê¸´ê±´ì§€..","791","https://www.clien.net/service/board/park/16678369?od=T31&po=0&category=0&groupCd"
"ì—°ë§ê¹Œì§€ ë¯¸êµ­ ì¸í”Œë ˆì´ì…˜ì„ 7~8% ì‚¬ì´ë¡œ ì ì¹˜ëŠ”? ì‚¬ëŒì´ ëŠ˜ê³  ìˆêµ°ìš”","515","https://www.clien.net/service/board/park/16678368?od=T31&po=0&category=0&groupCd"
"ìš”ìˆ˜ì†Œ ìˆ˜ì…ì´ë‘ ë§ˆìŠ¤í¬ ìˆ˜ì… ë‹¤ ìš°ë¦¬ê°€ í•œê±´ë°(ë¸”ë¼ì¸ë“œ)","1359","https://www.clien.net/service/board/park/16678365?od=T31&po=0&category=0&groupCd"
"ëŒë‹¤ë¦¬ë„ ë‘ë“œë¦¬ëŠ” ê°€í•´ì","608","https://www.clien.net/service/board/park/16678364?od=T31&po=0&category=0&groupCd"
"ì•„ì•„ì•„.. ë§¥ë¶ì—ì–´ ë•Œë¬¸ì— ì˜ì™¸ì˜ ì§€ì¶œê³¼ ë‚œê´€ì— ë´‰ì°©í–ˆìŠµë‹ˆë‹¤.","253","https://www.clien.net/service/board/park/16678363?od=T31&po=0&category=0&groupCd"
"ì§€ê¸ˆ ë¯¼ì£¼ë‹¹ì— í•„ìš”í•œ ê²ƒ","164","https://www.clien.net/service/board/park/16678362?od=T31&po=0&category=0&groupCd"
"ì´ì¤€ì„ ''ì´ì¬ëª… ê¶ì§€ ëª°ë ¸ë‹¤..ì•¼ë‹¹ì´ íŠ¹ê²€ ì„ëª…ê¶Œ í–‰ì‚¬í•´ì•¼''","1360","https://www.clien.net/service/board/park/16678361?od=T31&po=0&category=0&groupCd"
"ì‚¬ê³¼ê°€ ì•„ë‹ˆë¼ ê±°ë˜ (ê¹€ì¢…ë°° ì²œê¸°ëˆ„ì„¤)","632","https://www.clien.net/service/board/park/16678358?od=T31&po=0&category=0&groupCd"
"ìœ¤ì§œì¥ ë°˜ë“¯ì´...","868","https://www.clien.net/service/board/park/16678357?od=T31&po=0&category=0&groupCd"
"ì˜¤ëŠ˜ì€ ì €ë…ì— ë§›ë‚œê±° ë¨¹ì„ê²ë‹ˆë‹¤.","183","https://www.clien.net/service/board/park/16678354?od=T31&po=0&category=0&groupCd"
"ì•„ë‚´ì—ê²Œ ê²Œì„ ì‚¬ìê³  í•˜ëŠ” ë…¸ë˜ (ê³¼ë‚˜)","527","https://www.clien.net/service/board/park/16678351?od=T31&po=0&category=0&groupCd"
"ìˆ˜ëŠ¥ì´ ì¼ì£¼ì¼ ë‚¨ì•˜êµ°ìš”","239","https://www.clien.net/service/board/park/16678349?od=T31&po=0&category=0&groupCd"
"í™”ì¥ë§Œ í•˜ë©´ ë‹¹ì‹ ë„ ì¡´ì˜ë‚¨!. JPG","2509","https://www.clien.net/service/board/park/16678347?od=T31&po=0&category=0&groupCd"
"[ì—°êµ¬] 30ëŒ€ ë¯¸ë§Œì€ ì½”ë¡œë‚˜19 ê²½ì¦ íšŒë³µ í›„ í•­ì²´ ë‚®ì•„","1178","https://www.clien.net/service/board/park/16678346?od=T31&po=0&category=0&groupCd"
"'ë°˜ë“¯ì´' ë¡œ ì“´ ê±°ë¼ë„¤ìš”","1746","https://www.clien.net/service/board/park/16678345?od=T31&po=0&category=0&groupCd"
"ë‹¹ê·¼ ì‹ ê³  ë‹´ë‹¹ì ì¶œê·¼í–ˆë‚˜ë´ìš”","950","https://www.clien.net/service/board/park/16678342?od=T31&po=0&category=0&groupCd"
"ì •ë¶€ êµ¬ë…ë£Œ 328ì–µì´ë‚˜ ë°›ì•„ë¨¹ìœ¼ë©´ì„œ ìœ¤ì„ì—´ì„ ì´ë ‡ê²Œ ... í—ê² ë„¤ìš”.","1459","https://www.clien.net/service/board/park/16678341?od=T31&po=0&category=0&groupCd"
"'ë“„'ê³¼ 'ì´í„°ë„ìŠ¤'","1003","https://www.clien.net/service/board/park/16678340?od=T31&po=0&category=0&groupCd"
"ëŒì‹±ê¸€ì¦ˆ ì¬ë¯¸ìˆë„¤ìš”","439","https://www.clien.net/service/board/park/16678338?od=T31&po=0&category=0&groupCd"
"ì•„ì´ì¦ˆì›] ì¡°ìœ ë¦¬-imagine (ìœ ì—”ì°¸ì „ìš©ì‚¬ ì¶”ëª¨ì˜ë‚ )","388","https://www.clien.net/service/board/park/16678337?od=T31&po=0&category=0&groupCd"
"ë”± í•œë§ˆë””ë§Œ í•˜ê² ìŠµë‹ˆë‹¤","1228","https://www.clien.net/service/board/park/16678335?od=T31&po=0&category=0&groupCd"
"ìœ¤ì„ì—´, ë°©ëª…ë¡ ê³µì„¸ì— ''ì˜¤ì›” ì •ì‹ , ì–´ë””ê°€ ë¹„ëš¤ì–´ì ¸ ìˆë‚˜''","1781","https://www.clien.net/service/board/park/16678334?od=T31&po=0&category=0&groupCd"
"ë¯¸êµ­ ì¶œì‹  ì›ì–´ë¯¼ ê°•ì‚¬ë‘ ë°±ì‹ ì— ê´€í•´ ì–˜ê¸¸ í–ˆëŠ”ë°","1213","https://www.clien.net/service/board/park/16678333?od=T31&po=0&category=0&groupCd"
"ì¹´ë±…ì¹´ë“œ êµì²´ë°œê¸‰í–ˆìŠµë‹ˆë‹¤.","923","https://www.clien.net/service/board/park/16678332?od=T31&po=0&category=0&groupCd"
"ì˜¤ì„ ì €ë…ë°¥.jpg","2560","https://www.clien.net/service/board/park/16678331?od=T31&po=1&category=0&groupCd"
"ì˜›ë‚  -&gt; ìš”ì¦˜ ê³µë£¡ ë³µì›ë„.jpg","1661","https://www.clien.net/service/board/park/16678330?od=T31&po=1&category=0&groupCd"
"ì¼€ì´í‹° ê¸°ì§€êµ­ ì¥ì•  ã…‹ã…‹ã…‹","824","https://www.clien.net/service/board/park/16678329?od=T31&po=1&category=0&groupCd"
"ìœ ë¥˜ ì¤‘ê³ íŒë§¤ê°€ ë¶ˆë²•ì´ì—ˆêµ°ìš”..","684","https://www.clien.net/service/board/park/16678328?od=T31&po=1&category=0&groupCd"
"ì¿ íŒ¡í”Œë ˆì´ X ì½œë“œí”Œë ˆì´ ë®¤ì§ ì½˜ì„œíŠ¸ ë¼ì´ë¸Œ ìŠ¤íŠ¸ë¦¬ë°","1021","https://www.clien.net/service/board/park/16678327?od=T31&po=1&category=0&groupCd"
"ì˜ˆì „ì— ì—¬ìë¶„ í•¸ë“œë°±ì„ ì£¼ìš´ ì ì´ ìˆì—ˆì–´ìš”.","789","https://www.clien.net/service/board/park/16678326?od=T31&po=1&category=0&groupCd"
"ì´ìƒìˆ˜ ì‘ê°€ì˜ ë‹¥ìŠ¤í›ˆíŠ¸ê°€ ì™”ìŠµë‹ˆë‹¤.","1345","https://www.clien.net/service/board/park/16678324?od=T31&po=1&category=0&groupCd"
"ë‹¹ê·¼ì€ ìš”ì†Œìˆ˜ íŒë§¤ê¸ˆì§€ ì•ˆì‹œí‚¤ë‚˜ìš”?","583","https://www.clien.net/service/board/park/16678319?od=T31&po=1&category=0&groupCd"
"ë¬´ë¬´ë²•ê³¼ ì´ë¯¸ì§€ ì—…ë¡œë“œ ê°œì„ ","2917","https://www.clien.net/service/board/park/16678318?od=T31&po=1&category=0&groupCd"
"ì¡°êµ­ ì¥ê´€ë‹˜ '''ì„±ìŠ¤ëŸ¬ìš´ ì§•ì¡°'ë¼....''","1609","https://www.clien.net/service/board/park/16678315?od=T31&po=1&category=0&groupCd"
"ë©œë¡  TOP100ì— 480ì¼ë™ì•ˆ ë¨¸ë¬¼ëŸ¬ ìˆëŠ” ë…¸ë˜.jpg","289","https://www.clien.net/service/board/park/16678314?od=T31&po=1&category=0&groupCd"
"í‚¤ë³´ë“œ í™ˆí‚¤ê°€ ì•ˆë¨¹ì–´ì„œ ì´ìƒí–ˆëŠ”ë°...","762","https://www.clien.net/service/board/park/16678312?od=T31&po=1&category=0&groupCd"
"ì €(ìœ ë¶€)ì˜ ê²Œì´ë° í™˜ê²½","1177","https://www.clien.net/service/board/park/16678311?od=T31&po=1&category=0&groupCd"
"ì´ í›„ë³´ë‹˜ê»˜ ë¬¸ìê°€ ì™”êµ°ìš” ã…‡ã……ã…‡ /","1209","https://www.clien.net/service/board/park/16678309?od=T31&po=1&category=0&groupCd"
"ë°±ì‹  ë§ìœ¼ì‹  ë¶„ë“¤ë„ ëŒíŒŒ ê°ì—¼ì— ëŒ€í•´ì„œ ì£¼ì˜í•˜ì…”ì•¼ê² ì–´ìš”.","552","https://www.clien.net/service/board/park/16678307?od=T31&po=1&category=0&groupCd"
"ë°±ì‹  ì˜ˆì•½ í•´ë³´ë ¤ê³  í–ˆë”ë‹ˆ ì•Œëœ°í°ì€ ì œì•½ì´ ìˆë„¤ìš”.","1169","https://www.clien.net/service/board/park/16678306?od=T31&po=1&category=0&groupCd"
"ë´„ë‚ ..ì´ë¼ëŠ” ë…¸ë˜ê°€ ì„¸ì›”í˜¸ ëª¨í‹°ë¸Œë€ ì´ì•¼ê¸°ë¥¼ ë’¤ëŠ¦ê²Œ ë“¤ì—ˆê±°ë“ ìš”?","1042","https://www.clien.net/service/board/park/16678305?od=T31&po=1&category=0&groupCd"
"11ë²ˆê°€.. ì œë¡œì½œë¼ë‚˜ ìŸì—¬ë‘¡ë‹ˆë‹¤","991","https://www.clien.net/service/board/park/16678304?od=T31&po=1&category=0&groupCd"
"í¬ë¥´ì5 ì˜¤í”ˆë¹¨ì¸ì§€ ì™„ì „ ë§›ì§‘ì´ë„¤ìš”;;","616","https://www.clien.net/service/board/park/16678302?od=T31&po=1&category=0&groupCd"
"ì™“ì± ëŠ” ì´ì œ ì¼ë•ë“¤ì„ ìœ„í•œ ì»¨í…ì¸  ëª°ë¹µìœ¼ë¡œ ê°€ë„¤ìš”..","1637","https://www.clien.net/service/board/park/16678301?od=T31&po=1&category=0&groupCd"
"ì´ìˆ˜ì§„ ì˜ì› ''ì •ì¹˜ê³µì‘ì— ê°€ë‹´í•œ êµ­í˜ ê´€ê³„ì ëª¨ë‘ ë²•ì , ì •ì¹˜ì  ì±…ì„ ì ¸ì•¼ í•  ê²ƒ''","1596","https://www.clien.net/service/board/park/16678300?od=T31&po=1&category=0&groupCd"
"ë¦¬ë‹ˆì§€w ì¬ë¯¸ë§Œ ë³´ë ¤ê³  í–ˆëŠ”ë°..","612","https://www.clien.net/service/board/park/16678299?od=T31&po=1&category=0&groupCd"
"í˜ˆì••ì•½ ë“œì‹œëŠ”ë¶„ë“¤ì¤‘ì— í™ì¡°ìƒê¸°ì‹ ë¶„ë“¤","1434","https://www.clien.net/service/board/park/16678296?od=T31&po=1&category=0&groupCd"
"ë¹„íŠ¸ì½”ì¸ì€ ë­”ê°€ ë…íŠ¹í•˜ë„¤ìš”..","1846","https://www.clien.net/service/board/park/16678295?od=T31&po=1&category=0&groupCd"
"â€˜ê´‘ì£¼ ì‚¬ê³¼ í›„, ì „ë‘í™˜ ì¸ì‹ ë°”ë€Œì—ˆë‚˜â€™ ì§ˆë¬¸ì— ë‹µë³€ í”¼í•œ ìœ¤ì„ì—´","1045","https://www.clien.net/service/board/park/16678291?od=T31&po=1&category=0&groupCd"
"ìë…€ ì£¼ì‹ê³„ì¢Œ ê°œì„¤","381","https://www.clien.net/service/board/park/16678290?od=T31&po=1&category=0&groupCd"
"ì´ì¬ëª… í›„ë³´ ë¬¸ì ë°›ì•˜ìŠµë‹ˆë‹¤.","483","https://www.clien.net/service/board/park/16678287?od=T31&po=1&category=0&groupCd"
"ì •ìƒì ì¸ ì‚¬ëŒì´ë¼ë©´, 'ë°˜ë“¯ì´' ëŠ” ë¬¸ì œê°€ ë˜ì§€ ì•Šì„ í‘œí˜„ì´ì£ ...","1002","https://www.clien.net/service/board/park/16678286?od=T31&po=1&category=0&groupCd"
"ì¿ íŒ¡ì´ì¸  3ë§Œì› ì¿ í° ë²„ë¦´ ë»” í–ˆë„¤ìš”..","900","https://www.clien.net/service/board/park/16678283?od=T31&po=1&category=0&groupCd"
"ì˜ëƒ”ì²´ í•˜ëŠ” ë¯¼ì£¼ë‹¹, ê·¸ë¦¬ê³  ê·¸ ì§€ì§€ìë“¤...","2560","https://www.clien.net/service/board/park/16678282?od=T31&po=1&category=0&groupCd"
"ìœ¤ì§œì¥ ëŒ€ì„  íŒ¨ë°°ì‹œ í–‰ë³´ ì˜ˆìƒ","1309","https://www.clien.net/service/board/park/16678281?od=T31&po=2&category=0&groupCd"
"ê¹€ì§„ì•  ''ë°˜ë“¯ì´? ì„¸ìš°ê² ë‹¤? ì´ì¤‘ì  í‘œí˜„ ê´´ì´í•´''","1450","https://www.clien.net/service/board/park/16678278?od=T31&po=2&category=0&groupCd"
"ì–´ì œ ì—¬ì„±ì‹œëŒ€ ë°±ì¢…ì›ì”¨ ë¯¸ë‹´ ê¸€ ì˜¬ë ¸ëŠ”ë°.... í™ì½©ë°˜ì  ë¬´ë‹´ì¹˜ ì§¬ë½• ì´ë¼ë‹ˆ","538","https://www.clien.net/service/board/park/16678275?od=T31&po=2&category=0&groupCd"
"ë“„ ì™•ì•„ë§¥ ì˜¤í”ˆí–ˆë„¤ìš”","1121","https://www.clien.net/service/board/park/16678274?od=T31&po=2&category=0&groupCd"
"ë¬¸ìíŒ)ì´ì¬ëª…ì€ í•©ë‹ˆë‹¤. ìš°ë¦¬ë„ íˆ¬í‘œí•©ì‹œë‹¤!","275","https://www.clien.net/service/board/park/16678272?od=T31&po=2&category=0&groupCd"
"ì¸ì—°ì— ëŒ€í•´ ìƒê°í•´ë³´ë©´..","1255","https://www.clien.net/service/board/park/16678271?od=T31&po=2&category=0&groupCd"
"êµ­ì¥ì˜ ìƒˆë¡œìš´ í…Œë§ˆ","2570","https://www.clien.net/service/board/park/16678270?od=T31&po=2&category=0&groupCd"
"ë² íŠ¸ë‚¨ì—ì„œ ì›”ê¸‰ í•œêµ­ìœ¼ë¡œ ì†¡ê¸ˆí•˜ëŠ” ê±° ì§œì¦ë‚˜ë„¤ìš”.","3538","https://www.clien.net/service/board/park/16678267?od=T31&po=2&category=0&groupCd"
"'í‚¤ìŠ¤ë°© ê°€ëŠ” ê±´ ë¶ˆë²•ì¸ì§€ ê¶ê¸ˆí•©ë‹ˆë‹¤' ì¹œì ˆí•œ ê²½ì°°ì˜ ë‹µë³€","3156","https://www.clien.net/service/board/park/16678266?od=T31&po=2&category=0&groupCd"
"ê³¨ë•Œë…€ ì‹œì²­ë¥ ","1918","https://www.clien.net/service/board/park/16678265?od=T31&po=2&category=0&groupCd"
"ì—”ì”¨ì†Œí”„íŠ¸ ì‹¤ì‹œê°„ ì£¼ê°€ &amp; ë¦¬ë‹ˆì§€W 8ì¼ì°¨ í”Œë ˆì´ ê·¼í™©","3676","https://www.clien.net/service/board/park/16678263?od=T31&po=2&category=0&groupCd"
"ì¼ë³¸ ì–¸ë¡ ë“¤ ê·¼í™©....''ì´ì¬ëª…''","964","https://www.clien.net/service/board/park/16678262?od=T31&po=2&category=0&groupCd"
"ì–´ì œ ì•„ë“¤ ëŒì´ì—¿ìŠµë‹ˆë‹¤~","829","https://www.clien.net/service/board/park/16678261?od=T31&po=2&category=0&groupCd"
"[êµ¬ì¸ëª¨ì§‘]ì•ˆë…•í•˜ì„¸ìš”","921","https://www.clien.net/service/board/park/16678260?od=T31&po=2&category=0&groupCd"
"ì´ì¬ëª…í›„ë³´ì—ê²Œ ì²˜ìŒìœ¼ë¡œ ë¬¸ì ë°›ì•˜ìŠµë‹ˆë‹¤.","2353","https://www.clien.net/service/board/park/16678259?od=T31&po=2&category=0&groupCd"
"ì´ í›„ë³´ë‹˜ê»˜ ë¬¸ì ì™”ë„¤ìš”.gif","1291","https://www.clien.net/service/board/park/16678258?od=T31&po=2&category=0&groupCd"
"20ë…„ì§¸ ëª¸ë¬´ê²Œê°€ ê·¸ëŒ€ë¡œë„¤ìš”.","938","https://www.clien.net/service/board/park/16678257?od=T31&po=2&category=0&groupCd"
"ì• í”Œí‹°ë¹„ ìê°€ ê°œí†µ ë° í›„ê¸°","1137","https://www.clien.net/service/board/park/16678255?od=T31&po=2&category=0&groupCd"
"11ì ˆì´ë‹ˆ ê³ ë‹ˆ 11ì¥","1142","https://www.clien.net/service/board/park/16678253?od=T31&po=2&category=0&groupCd"
"ê´‘êµ°ì ˆ ë­ ì‚¬ì‹œë‚˜ìš”","1541","https://www.clien.net/service/board/park/16678252?od=T31&po=2&category=0&groupCd"
"ìƒìƒ ì†Œë¹„ì§€ì›ê¸ˆ ë°›ìŠµë‹ˆë‹¤. ã…ã…","499","https://www.clien.net/service/board/park/16678250?od=T31&po=2&category=0&groupCd"
"ë™ë„¤ì— ìì£¼ê°€ëŠ” ì¹´í˜ì— ì™”ëŠ”ë° ë¹¼ë¹¼ë¡œë¥¼ ì£¼ì‹œë„¤ìš”?","1026","https://www.clien.net/service/board/park/16678249?od=T31&po=2&category=0&groupCd"
"ìš”ì¦˜ ì´ì •ì¬ê°€ ê´‘ê³ í•˜ëŠ” ê·¸ ë¼ë©´ì„ ì‚¬ë¨¹ì–´ ë³´ì•˜ìŠµë‹ˆë‹¤.","1258","https://www.clien.net/service/board/park/16678248?od=T31&po=2&category=0&groupCd"
"ì§€ê¸ˆ ìƒê°í•´ë³´ë‹ˆ ìš”ì†Œìˆ˜ëŠ” ì°¸ ì•„ì´ëŸ¬ë‹ˆí•˜ë„¤ìš”","1061","https://www.clien.net/service/board/park/16678247?od=T31&po=2&category=0&groupCd"
"ìœ¤ì„ë ¬ì˜ 'ë°˜ë“¯ì´' ëŠ” ë¬¸ëŒ€í†µë ¹ì„ ê²¨ëƒ¥í•œ ê±¸ë¡œ ë´ë„ ë˜ê² ì£ .","3601","https://www.clien.net/service/board/park/16678246?od=T31&po=2&category=0&groupCd"
"ì´í˜„ìš°, ë°•ëª…ìˆ˜ ë§ˆìŠ¤í¬ ìœ„í—˜í•˜ë„¤ìš”","1086","https://www.clien.net/service/board/park/16678245?od=T31&po=2&category=0&groupCd"
"ì§€ê¸ˆ ì—¬ë¡ ì¡°ì‚¬ê²°ê³¼ëŠ” 2030ë“¤ì´ ìœ ë³´ì¤‘ì´ë¼ ê·¸ë˜ìš”","676","https://www.clien.net/service/board/park/16678244?od=T31&po=2&category=0&groupCd"
"ì•ˆë…•í•˜ì„¸ìš” ì¹˜ì—´ ì¹˜í•µì…ë‹ˆë‹¤","874","https://www.clien.net/service/board/park/16678243?od=T31&po=2&category=0&groupCd"
"ì•„ë©•ìŠ¤ í”Œë˜í‹°ë„˜ ì¹´ë“œê°€ ë‘ì¥ì´ ë˜ì—ˆìŠµë‹ˆë‹¤ ã…‹ã…‹ã…‹","1222","https://www.clien.net/service/board/park/16678242?od=T31&po=2&category=0&groupCd"
"ë°˜ë“¯ì´ ì„¸ìš°ê² ìŠµë‹ˆë‹¤. .jyp","1309","https://www.clien.net/service/board/park/16678240?od=T31&po=2&category=0&groupCd"
"íœì…˜ë†€ëŸ¬ê°€ì„œ ê³ ê¸°êµ½ëŠ” ë²•","793","https://www.clien.net/service/board/park/16678238?od=T31&po=3&category=0&groupCd"
"ì½”ë¡œë‚˜ ì ‘ì¢…ì•ˆí•œ ì‚¬ëŒ","599","https://www.clien.net/service/board/park/16678237?od=T31&po=3&category=0&groupCd"
"2022ë…„ 3ì›” 9ì¼ ëŒ€ì„  ê²°ê³¼ë³´ê³  ëŒì•„ì™”ìŠµë‹ˆë‹¤.","1171","https://www.clien.net/service/board/park/16678235?od=T31&po=3&category=0&groupCd"
"ì´ì¤€ì„ 'ê¹€ì¢…ì¸ ì „ê¶Œ ì¤¬ì„ ë•Œ ì„ ê±° ì˜ ëë‹¤'","887","https://www.clien.net/service/board/park/16678232?od=T31&po=3&category=0&groupCd"
"ìš°ë¦¬ì€í–‰ ì“°ì‹œë©´ í¬ë¦¬ìŠ¤ë§ˆìŠ¤ ìŠ¤ë²… 2ì” ì±™ê²¨ê°€ì„¸ìš”","1387","https://www.clien.net/service/board/park/16678231?od=T31&po=3&category=0&groupCd"
"ì‹¤ë°¥ ìë¥´ë ¤ë‹¤ ì†ê°€ë½ ì˜ë¦´ ë»” í–ˆìŠµë‹ˆë‹¤","522","https://www.clien.net/service/board/park/16678230?od=T31&po=3&category=0&groupCd"
"ì™œ ìš°ë¦¬ë‚˜ë¼ ë³´ìˆ˜ë‹¹ì´ë¼ê³  í•˜ëŠ” ì• ë“¤ì€ ì´ì›ƒêµ­ê°€ì˜ ê¼¬ë´‰ì´ ë˜ë ¤ê³  í• ê¹Œìš”?","648","https://www.clien.net/service/board/park/16678229?od=T31&po=3&category=0&groupCd"
"ìµœê·¼ ë¶€ì‚° ì½”ë¡œë‚˜ ê²½í–¥ì„ ë³´ë©´ ë§ì´ì£ ","274","https://www.clien.net/service/board/park/16678228?od=T31&po=3&category=0&groupCd"
"11ì›” 11ì¼ì€...","512","https://www.clien.net/service/board/park/16678227?od=T31&po=3&category=0&groupCd"
"í•˜ë‹¤í•˜ë‹¤ ê°€ìœ„ë°”ìœ„ë³´ ë³´ë“œê²Œì„ ë”œëŸ­ìŠ¤ ì—ë””ì…˜ë„ ë‚˜ì˜¤ëŠ”êµ°ìš”ã…‹ã…‹","541","https://www.clien.net/service/board/park/16678226?od=T31&po=3&category=0&groupCd"
"ğŸ¶ğŸ¾ì˜¤ëŠ˜ ì•„ì¹¨ ì‚°ì±…ì‚¬ì§„","2239","https://www.clien.net/service/board/park/16678225?od=T31&po=3&category=0&groupCd"
"í‚¤ëŠ” 98% ìœ ì „ì…ë‹ˆë‹¤.","845","https://www.clien.net/service/board/park/16678224?od=T31&po=3&category=0&groupCd"
"ë‚´ê°€ ë†“ìœ¼ë©´ ë†“ì•„ì§€ëŠ” ì¸ì—°ë“¤ ì •ë¦¬í•˜ì…¨ë‚˜ìš”?","1060","https://www.clien.net/service/board/park/16678222?od=T31&po=3&category=0&groupCd"
"ìš”ì¦˜ì€ ì½”ë¡œë‚˜ í™•ì§„ìê°€ 10ëŒ€ê°€ ë§ë„¤ìš”","1500","https://www.clien.net/service/board/park/16678220?od=T31&po=3&category=0&groupCd"
"ì´ë²ˆ nbs ì „êµ­ì§€í‘œì¡°ì‚¬ì—ì„œë„ ê²©ì°¨ê°€ ì „ì£¼ëŒ€ë¹„ ì¢€ ë²Œì–´ì§€ê¸´ í–ˆë„¤ìš”.","444","https://www.clien.net/service/board/park/16678219?od=T31&po=3&category=0&groupCd"
"ë°°ë¯¼ ë–¡ë³¶ì´ ì¿ í°ìˆë„¤ì—¬","647","https://www.clien.net/service/board/park/16678217?od=T31&po=3&category=0&groupCd"
"êµ­ë¦½ 5Â·18 ë¯¼ì£¼ë¬˜ì§€ ë°©ëª…ë¡ì´ ì˜¤ì—¼ë˜ì—ˆë„¤ìš” .","465","https://www.clien.net/service/board/park/16678216?od=T31&po=3&category=0&groupCd"
"ì–€ë”ë‚˜ ì¶”ê°€ì ‘ì¢…","1820","https://www.clien.net/service/board/park/16678215?od=T31&po=3&category=0&groupCd"
"ë†ì‹¬ì„ ë¶ˆë§¤í•˜ê²Œ ëœ ê²°ì •ì  ê³„ê¸°","1242","https://www.clien.net/service/board/park/16678214?od=T31&po=3&category=0&groupCd"
"êµ¬ê¸€ ì•ŒíŒŒê³ ê°€ ì˜ˆì¸¡í•œ í‡´ê·¼ì‹œê°„ì˜ ë¯¸ë˜","867","https://www.clien.net/service/board/park/16678211?od=T31&po=3&category=0&groupCd"
"""ë°˜ë“¯ì´ ì„¸ìš°ê² ìŠµë‹ˆë‹¤"" ì˜ ëœ»ì€...","688","https://www.clien.net/service/board/park/16678209?od=T31&po=3&category=0&groupCd"
"ì˜¤ëŠ˜ë§Œ ë‘ë²ˆ ... í”¼ì‹±ì´ ë‚ ë¡œ êµë¬˜í•´ì§€ë„¤ìš”","3415","https://www.clien.net/service/board/park/16678207?od=T31&po=3&category=0&groupCd"
"ë²„ë²„ë¦¬ ì½”íŠ¸ ê´‘ê³ ëª¨ë¸ ìˆì§€ ìœ ë‚˜.jpg","559","https://www.clien.net/service/board/park/16678205?od=T31&po=3&category=0&groupCd"
"ì°¨ë¼ë¦¬ ì˜¤íƒ€ë¼ê³  í•˜ì§€, ë˜‘ë°”ë¥´ë‹¨ ì˜ë¯¸ë¼ë‹ˆ....","373","https://www.clien.net/service/board/park/16678204?od=T31&po=3&category=0&groupCd"
"ë°±ì‹ ì ‘ì¢…ì€ ë²•ì´ ì•„ë‹Œ ë„ë•ì˜ ì˜ì—­ì´ë¼ê³  ìƒê°í•©ë‹ˆë‹¤","3199","https://www.clien.net/service/board/park/16678203?od=T31&po=3&category=0&groupCd"
"ë°±ì‹  ì¢€ ë§ìì‹œë‹¤ ì§ì¥ ë§ˆë¹„ëì–´ìš”","427","https://www.clien.net/service/board/park/16678202?od=T31&po=3&category=0&groupCd"
"ì–€ì„¼ëŸ¬ì˜ ëª¨ë”ë‚˜ ì¶”ê°€ í›„ê¸°","1775","https://www.clien.net/service/board/park/16678201?od=T31&po=3&category=0&groupCd"
"??? : ë¼ì´ì–¸ ë ˆì´ë†€ì¦ˆëŠ” ë„·í”Œë¦­ìŠ¤ ì—„ë§ˆê³„ì • ë¹Œë ¤ì“´ë°ìš” ì—ë² ë² ","1242","https://www.clien.net/service/board/park/16678196?od=T31&po=3&category=0&groupCd"
"ë³„ê±° ì•„ë‹ˆì§€ë§Œ ê²°í˜¼ìƒí™œì´ë€ ë¬´ì—‡ì¸ê°€ ë‚ ì¹´ë¡­ê²Œ ëŠê¼ˆë˜ ì¼í™”..","1184","https://www.clien.net/service/board/park/16678195?od=T31&po=3&category=0&groupCd"
"KB ì „ì„¸ëŒ€ì¶œì‹œ ì¼ë¶€ ì›ê¸ˆ ìƒí™˜ì´ ì˜ë¬´í™”ëêµ°ìš”?","793","https://www.clien.net/service/board/park/16678192?od=T31&po=3&category=0&groupCd"
"ì—¬ì¡° ë–³ë„¤ìš”","1056","https://www.clien.net/service/board/park/16678190?od=T31&po=4&category=0&groupCd"
"ë‹¤ì£¼íƒì ë³´ìœ ì„¸ ì˜¬ë¦¬ëŠ”ê±¸ ë°˜ëŒ€í•  ì´ìœ ê°€ ìˆëŠ”ì§€ ëª¨ë¥´ê² ë„¤ìš”.","890","https://www.clien.net/service/board/park/16678187?od=T31&po=4&category=0&groupCd"
"ë¬´ì–¸ê°€ ê³¼ì‰ ì§„ë£Œ ê°™ì€ ê¸°ë¶„ìœ¼ë¡œ ë‹¤ë…€ì˜¨ ë³‘ì›","1923","https://www.clien.net/service/board/park/16678186?od=T31&po=4&category=0&groupCd"
"ì—´ì¼ë²ˆê°€ ì—„ì²­ë‚˜ë„¤ìš”","1065","https://www.clien.net/service/board/park/16678185?od=T31&po=4&category=0&groupCd"
"ì „ê¸°ì°¨ ìˆ˜ì¶œì€ ë¬¸ì œê°€ ì¢€ ìˆì–´ë³´ì´ë„¤ìš”","1090","https://www.clien.net/service/board/park/16678183?od=T31&po=4&category=0&groupCd"
"11ë²ˆê°€ ë…¸íŠ¸ë¶ í• ì¸ ë§ì´ í•˜ë„¤ì—¬..","532","https://www.clien.net/service/board/park/16678182?od=T31&po=4&category=0&groupCd"
"ì–€ì„¼ì¸ ë¶€ìŠ¤í„° ìƒ· ë§ìœ¼ëŸ¬ ë³‘ì› ì™”ëŠ”ë°ìš”..","469","https://www.clien.net/service/board/park/16678181?od=T31&po=4&category=0&groupCd"
"ì¢‹ì•„í•˜ëŠ” ë¸Œëœë“œ ìƒê¸°ë©´ ì„¸íŠ¸ ë§ì¶”ê³  ì‹¶ì§€ ì•Šë‚˜ìš”?","863","https://www.clien.net/service/board/park/16678180?od=T31&po=4&category=0&groupCd"
"ì—°ì°¨ë‚´ê³  íšŒì‚¬ ê±´ë¬¼ ìŠ¤ë²…ì—ì„œ íšŒì‚¬ì¼ í•˜ê³  ìˆìŠµë‹ˆë‹¤.","1161","https://www.clien.net/service/board/park/16678179?od=T31&po=4&category=0&groupCd"
"BTV ì…‹í†±ë°•ìŠ¤ ì„ëŒ€ë£Œë¥¼ 5ë…„ê°€ê¹Œì´ ëƒˆë„¤ìš”..","1269","https://www.clien.net/service/board/park/16678178?od=T31&po=4&category=0&groupCd"
"ìœ íˆ¬ë¸Œ ì•Œê³ ë¦¬ì¦˜, ëˆˆì¹˜ì—†ë„¤ìš”â€¦","2042","https://www.clien.net/service/board/park/16678175?od=T31&po=4&category=0&groupCd"
"íŒŒíŒ ì‚¬ê³¨ ê·¼í™©...","3003","https://www.clien.net/service/board/park/16678173?od=T31&po=4&category=0&groupCd"
"â€œë¯¸êµ­ì„ ë‹¤ì‹œ ìœ„ëŒ€í•˜ê²Œ!â€.jpg","710","https://www.clien.net/service/board/park/16678171?od=T31&po=4&category=0&groupCd"
"ìš°ì£¼íŒ¨ìŠ¤ëŠ” ì˜ì–‘ì œ ì‚¬ê¸° ì°¸ ì¢‹ë„¤ìš”.","550","https://www.clien.net/service/board/park/16678170?od=T31&po=4&category=0&groupCd"
"2021ë…„ 11ì›” 11ì¼ 11ì‹œ 11ë¶„ 11ì´ˆì…ë‹ˆë‹¤.","1720","https://www.clien.net/service/board/park/16678168?od=T31&po=4&category=0&groupCd"
"ì¥¬ë‹ˆì–´ê°€ ì»¤ê¸°ì§€ ì „ í›„ í¬ê¸°ê°€ ë„ˆë¬´ ì°¨ì´ê°€ ë‚˜ëŠ” ê²½ìš° ìŠ¤íŠ¸ë ˆìŠ¤ ë°›ì£ ","793","https://www.clien.net/service/board/park/16678166?od=T31&po=4&category=0&groupCd"
"ì „ ë©¸ì¹˜ë¼ì„œ ì—‰ë©ì´ í°ë¶„ë“¤ì˜ ëŠë‚Œì´ ê¶ê¸ˆí•©ë‹ˆë‹¤.","2120","https://www.clien.net/service/board/park/16678165?od=T31&po=4&category=0&groupCd"
"å°¹ ''ë°©ëª…ë¡ 'ë°˜ë“¯ì´'ëŠ” 'ë˜‘ë°”ë¡œ'ë€ ëœ»''","498","https://www.clien.net/service/board/park/16678163?od=T31&po=4&category=0&groupCd"
"Skb ê¸°ì¡´ê°€ì…ìì¤‘ ì—†ì–´ì§„ ìš”ê¸ˆì œ ì´ìš©ì‹œ ì• í”Œí‹°ë¹„ë¡œ ë³€ê²½... ë‚´ì¼ í•˜ë£¨ê°€...","1308","https://www.clien.net/service/board/park/16678162?od=T31&po=4&category=0&groupCd"
"ë””ì¦ˆë‹ˆ+ ë‚´ì¼ ì¶œì‹œí•˜ëŠ”êµ°ìš”","210","https://www.clien.net/service/board/park/16678160?od=T31&po=4&category=0&groupCd"
"ë°­ì„ ê°„ì ˆíˆ ê°ˆì•„ì•¼ í•  ê²ƒ ê°™ìŠµë‹ˆë‹¤","1369","https://www.clien.net/service/board/park/16678159?od=T31&po=4&category=0&groupCd"
"2íƒ„ : ë°±ì‹  ê´€ë ¨ ì‹ ë°•í•œ X ì†Œë¦¬ ì‚¬ì´Œ ì°¸êµìœ¡í–ˆë”ë‹ˆ ê·¸ ë¶€ëª¨ë‹˜ê»˜ ì „í™”ì˜¤ë‹¤..","1107","https://www.clien.net/service/board/park/16678158?od=T31&po=4&category=0&groupCd"
"[ì¶•êµ¬] ìµœì¢…ì˜ˆì„  5R ë§¤ì¹˜ë°ì´ ì…ë‹ˆë‹¤.jpg","286","https://www.clien.net/service/board/park/16678155?od=T31&po=4&category=0&groupCd"
"ì „ ì–´ì œ ë°˜ë“¯ì´ ë¥¼ ë³´ê³ ... ì˜ˆì „ 5.18 ìœ ê³µì ì´ìŠˆë‘ ìƒê° ë‚˜ë”êµ°ìš”...","580","https://www.clien.net/service/board/park/16678154?od=T31&po=4&category=0&groupCd"
"DJI ë§¤ë¹…3ê°€ ì•„ì§ ìµœì í™”ê°€ ì•„ì§ ì•ˆë˜ì—ˆë‚˜ ë´…ë‹ˆë‹¤.(ì¶©ëŒ ì˜ìƒ ì£¼ì˜)","199","https://www.clien.net/service/board/park/16678150?od=T31&po=4&category=0&groupCd"
"ì–€ë”ë‚˜ ê°€ ë˜ì–´ìˆìŠµë‹ˆë‹¤.","376","https://www.clien.net/service/board/park/16678149?od=T31&po=4&category=0&groupCd"
"ì–€ë”ë‚˜ 72ì‹œê°„ í›„ê¸°","903","https://www.clien.net/service/board/park/16678148?od=T31&po=4&category=0&groupCd"
"ë‚˜ì´ê°€ ë“¤ìˆ˜ë¡ ë” í•„ìš”í•˜ë‹¤ê³  ëŠê»´ì§€ëŠ” ê²ƒë“¤","1524","https://www.clien.net/service/board/park/16678147?od=T31&po=4&category=0&groupCd"
"ê¸¸ì—ì„œ ëˆì„ ì£¼ì› ìŠµë‹ˆë‹¤ - í›„ê¸°2","516","https://www.clien.net/service/board/park/16678144?od=T31&po=4&category=0&groupCd"
"ìœ¤ í›„ë³´ì—ê²Œ ë„ˆë¬´ ì¼í•´ë¼ ì ˆí•´ë¼ í•˜ì§€ ì•Šìœ¼ì…¨ìœ¼ë©´..","1056","https://www.clien.net/service/board/park/16678140?od=T31&po=4&category=0&groupCd"
"ìœ ì—” ì°¸ì „ìš©ì‚¬ êµ­ì œ ì¶”ëª¨ì‹ live","1113","https://www.clien.net/service/board/park/16678136?od=T31&po=5&category=0&groupCd"
"Visual Studio 2022 ë¥¼ ì¸ìŠ¤í†¨ í–ˆëŠ”ë°ìš”...","2953","https://www.clien.net/service/board/park/16678135?od=T31&po=5&category=0&groupCd"
"í‚¤ 187cm ì ê¹ ì²´í—˜ê¸°","1630","https://www.clien.net/service/board/park/16678134?od=T31&po=5&category=0&groupCd"
"í´ìµœë¯¸ëŠ” ë¬´ì‚¬í•©ë‹ˆë‹¤.","610","https://www.clien.net/service/board/park/16678133?od=T31&po=5&category=0&groupCd"
"ë‚´ê°€ ëŠ™ì—ˆìŒì„ ëŠë‚„ ë•Œ","361","https://www.clien.net/service/board/park/16678132?od=T31&po=5&category=0&groupCd"
"ì„ ë¬¼ìš© ì• í”Œì›Œì¹˜ êµ¬ë§¤í•˜ëŠ”ë° ì´ê²ƒë„ ì›í•˜ëŠ” ìƒ‰ìƒì€ ë§¤ì§„ì´êµ°ìš”","849","https://www.clien.net/service/board/park/16678131?od=T31&po=5&category=0&groupCd"
"3í•™ë…„ ì²«ì§¸ì•„ì´ ì˜†ë°˜ì— í™•ì§„ìê°€ ë‚˜ì™”ë„¤ìš”.","568","https://www.clien.net/service/board/park/16678130?od=T31&po=5&category=0&groupCd"
"ìƒˆì†Œì‹ ììœ¨ì£¼í–‰ ê´€ë ¨ ê¸€ì˜ ëŒ“ê¸€ì´ í¥ë¯¸ì§„ì§„í•˜ë„¤ìš”.","3109","https://www.clien.net/service/board/park/16678128?od=T31&po=5&category=0&groupCd"
"ì¤‘êµ­ ì½”ë¡œë‚˜ ì œë¡œ ì •ì±… ê·¼í™©.jpg","3500","https://www.clien.net/service/board/park/16678127?od=T31&po=5&category=0&groupCd"
"ì—­ëŒ€ê¸‰ ì¹¼ì£¼ì°¨.jpg","1519","https://www.clien.net/service/board/park/16678126?od=T31&po=5&category=0&groupCd"
"í˜„ì§ ì†Œê°œíŒ…, ë¯¸íŒ… í•œë²ˆë„ ì•ˆ í•´ë³´ê³  ê²°í˜¼í•œ ì‚¬ëŒì…ë‹ˆë‹¤. ì§ˆë¬¸ ë°›ìŠµë‹ˆë‹¤.","3871","https://www.clien.net/service/board/park/16678125?od=T31&po=5&category=0&groupCd"
"í›„ë°©ì£¼ì˜) ë ˆì´ìŠ¤+ìŠ¤íƒ€í‚¹","874","https://www.clien.net/service/board/park/16678124?od=T31&po=5&category=0&groupCd"
"ì•„ë“¤ì´ë‘ ê°™ì´ ë³´ë ¤ê³  í™•ë¥ ì±…ì„ ë¨¼ì € ë³´ëŠ”ë°ìš”....","1458","https://www.clien.net/service/board/park/16678121?od=T31&po=5&category=0&groupCd"
"NCì—ì„œ ë°œí‘œí•œ NFTê²Œì„ì€ í•œêµ­ì¶œì‹œê°€ ë¶ˆê°€ëŠ¥í• í…ë°ìš”.","1280","https://www.clien.net/service/board/park/16678120?od=T31&po=5&category=0&groupCd"
"ì˜¬í•´ ì—¬ë¦„ì— ì…ì£¼í•œ ì‹ ì¶•ì•„íŒŒíŠ¸ì¸ë° í°ì´ ì•ˆí„°ì§‘ë‹ˆë‹¤ã… ã… ã… ","2072","https://www.clien.net/service/board/park/16678119?od=T31&po=5&category=0&groupCd"
"ë˜ê²Œ í•˜ì°®ì€ê±° ë³´ì—¬ë“œë¦´ê²Œìš”.jpg","399","https://www.clien.net/service/board/park/16678117?od=T31&po=5&category=0&groupCd"
"ë¶€ìŠ¤íŠ¸ìƒ·ë§ê³  í•œì‹œê°„ ì§€ë‚¬ìŠµë‹ˆë‹¤ ã…ã…","1052","https://www.clien.net/service/board/park/16678116?od=T31&po=5&category=0&groupCd"
"ë‚  ì¶”ì›Œì§€ìë§ˆì ë³´ì¼ëŸ¬ê°€ ê³ ì¥ì´ ë‚¬ë„¤ìš”.","708","https://www.clien.net/service/board/park/16678115?od=T31&po=5&category=0&groupCd"
"í‹°ëª¨ì‹œì‚´ë¼ë©” ë‚˜ì˜¤ëŠ”ì›¨ìŠ¤ì•¤ë”ìŠ¨ ê°ë… ì‹ ì‘ ê°œë´‰í•˜ë„¤ìš”.","914","https://www.clien.net/service/board/park/16678112?od=T31&po=5&category=0&groupCd"
"ì•„ì´ ì½”ë¡œë‚˜ ë°±ì‹  ê²½ê³¼ê¸€ì— ì´ì¬ëª… ìŒì£¼ ëŒ“ê¸€ ë‹¤ì…”ì„œ ì”ë‹ˆë‹¤.","2070","https://www.clien.net/service/board/park/16678111?od=T31&po=5&category=0&groupCd"
"ì˜¤ì§•ì–´ê²Œì„ì´ ë‹¤ì‹œ 1ìœ„êµ°ìš”","477","https://www.clien.net/service/board/park/16678110?od=T31&po=5&category=0&groupCd"
"ìŠ¤í˜ì´ìŠ¤ x í¬ë£¨ 3 ìš°ì£¼ì •ê±°ì¥ìœ¼ë¡œ ê°‘ë‹ˆë‹¤~ live youtube","278","https://www.clien.net/service/board/park/16678109?od=T31&po=5&category=0&groupCd"
"ë¬¸ì¬ì¸ ëŒ€í†µë ¹ì˜ ë©”ì‹œì§€, 26íšŒ ë†ì—…ì¸ì˜ ë‚ ì„ ë§ì•˜ìŠµë‹ˆë‹¤.","648","https://www.clien.net/service/board/park/16678108?od=T31&po=5&category=0&groupCd"
"KT ì˜ë“±í¬êµ¬ì™€ êµ¬ë¡œêµ¬ì— ì¥ì• ê°€ ìˆëŠ” ë“¯ í•˜ë„¤ìš”","2810","https://www.clien.net/service/board/park/16678107?od=T31&po=5&category=0&groupCd"
"ìœ¤ì„ì—´ 'ë°˜ë“¯ì´' ì¼ë¶€ëŸ¬ ì“´ ë§ì´ì—ˆêµ°ìš”.","235","https://www.clien.net/service/board/park/16678106?od=T31&po=5&category=0&groupCd"
"ë¶€ìŠ¤í„°ìƒ· ëª¨ë”ë‚˜ ë§ê³  ëŒ€ê¸°ì¤‘ì…ë‹ˆë‹¤","1288","https://www.clien.net/service/board/park/16678104?od=T31&po=5&category=0&groupCd"
"ë¶€ë™ì‚°ì„ ì¡ì•˜ìœ¼ë©´ ì •ë¶€ ì§€ì§€ìœ¨ì´ ë†’ì•˜ì„ê¹Œìš”?","389","https://www.clien.net/service/board/park/16678103?od=T31&po=5&category=0&groupCd"
"ê²¨ìš¸ì²  ëª¸ë³´ì‹ ìœ¼ë¡œ ìŒí™”íƒ• ì£¼ë¬¸!","1447","https://www.clien.net/service/board/park/16678102?od=T31&po=5&category=0&groupCd"
"ë£¨ë¨¸) ì¡´ í”„ë¡œì„œ: ì•„ì´í°14-USB-C íƒ‘ì¬ X","1953","https://www.clien.net/service/board/park/16678101?od=T31&po=5&category=0&groupCd"
"ì–´ì œ í‡´ê·¼ê¸¸ ëª¨ìŠµ(PS5íŒ”ëŸ¬ ê°€ëŠ” ë¶€ë¶€ì˜ ëª¨ìŠµ)","1113","https://www.clien.net/service/board/park/16678098?od=T31&po=5&category=0&groupCd"
"ìŠ¤íƒ ë°”ì´ë¯¸ ê²°ì œí• ê¹Œìš”? ë§ê¹Œìš”? ã…‹","759","https://www.clien.net/service/board/park/16678097?od=T31&po=6&category=0&groupCd"
"í˜„ëŒ€ì¹´ë“œ ì•„ë©•ìŠ¤ ì„¼ì¶”ë¦¬ì˜¨ 3ì¢… ë‚˜ì™”ë„¤ìš”.","2847","https://www.clien.net/service/board/park/16678096?od=T31&po=6&category=0&groupCd"
"ì™€ ~ ì”¨í‹°ì€í–‰ .... 7ì–µì› ë°›ê³ , ì§ì› 10ëª…ì¤‘ 7ëª…ì´ ì§ìŒŒë‹¤","1347","https://www.clien.net/service/board/park/16678095?od=T31&po=6&category=0&groupCd"
"[í™©ì¶œìƒˆ] ë°•ì£¼ì„  'ê´‘ì£¼ ê°„ ìœ¤ì„ì—´, ê·¸ ì´ìƒ ì‚¬ê³¼ë¥¼ ì–´ë–»ê²Œ í•˜ë‚˜?'","520","https://www.clien.net/service/board/park/16678094?od=T31&po=6&category=0&groupCd"
"ì§êµ¬í’ˆ.. ë™ì„œìš¸ í„°ë¯¸ë„ì—ì„œ ì•ˆ ì›€ì§ì´ë„¤ìš”","218","https://www.clien.net/service/board/park/16678093?od=T31&po=6&category=0&groupCd"
"ì–€ì„¼ + ì”ì—¬ë°±ì‹ (ëª¨ë”ë‚˜) ë§ìœ¼ëŸ¬ ê°‘ë‹ˆë‹¤.","1623","https://www.clien.net/service/board/park/16678092?od=T31&po=6&category=0&groupCd"
"ì—¬ì´ˆ ì§‘ë‹¨ ì†ì—ì„œ ì„œì‹í•˜ë˜ ì‚¬ëŒ ì…ë‹ˆë‹¤ë§Œ ì¼ë¶€ ì—¬ì„±ë“¤ì˜ ì†Œê°œíŒ… ì¸ì‹ì€","1779","https://www.clien.net/service/board/park/16678091?od=T31&po=6&category=0&groupCd"
"ì´ì œ ë„¤ì´ë²„, ë‹¤ìŒì˜ ë‰´ìŠ¤ì— ì–¸ë¡ ì‚¬ê°€ í‘œì‹œë©ë‹ˆë‹¤.","1230","https://www.clien.net/service/board/park/16678090?od=T31&po=6&category=0&groupCd"
"ì¿ íŒ¡í”Œë ˆì´, 'ì½œë“œí”Œë ˆì´' ë‹¨ë… ì˜¨ë¼ì¸ ì½˜ì„œíŠ¸ ì—°ë‹¤","837","https://www.clien.net/service/board/park/16678089?od=T31&po=6&category=0&groupCd"
"ë¹„ìˆ˜ë©´ ìœ„ ë‚´ì‹œê²½ ê²€ì‚¬ë°›ê³  ì™”ìŠµë‹ˆë‹¤ ã„·ã„·ã„·ã„·","4057","https://www.clien.net/service/board/park/16678088?od=T31&po=6&category=0&groupCd"
"(ë¸”ë°•) ê¸‰ì»¤ë¸Œ ì‚¬ê³ .gif","2020","https://www.clien.net/service/board/park/16678086?od=T31&po=6&category=0&groupCd"
"ì² ì­‰ ë¯¸ì¹˜ëŠ”ê±´ ì²¨ ë´…ë‹ˆë‹¤.jpg","340","https://www.clien.net/service/board/park/16678085?od=T31&po=6&category=0&groupCd"
"' I will erect five months mind correctly'","446","https://www.clien.net/service/board/park/16678084?od=T31&po=6&category=0&groupCd"
"ì´ë²ˆë‹¬ ps5 ì˜ˆíŒ ì•ˆí•˜ë ¤ë‚˜ ë³´ë„¤ìš”","169","https://www.clien.net/service/board/park/16678083?od=T31&po=6&category=0&groupCd"
"11ì›” 11ì¼ 11ì‹œ ìœ ì—”ì°¸ì „ìš©ì‚¬ êµ­ì œì¶”ëª¨ì˜ ë‚ ï½œí„´ íˆ¬ì›Œë“œ ë¶€ì‚° (Turn Toward Busan) ï½œê¹€","2109","https://www.clien.net/service/board/park/16678082?od=T31&po=6&category=0&groupCd"
"ë¯¸êµ­ ìŠ¤íƒ€ë²…ìŠ¤ì—ì„œ ì»¤í”¼ë¥¼ ì£¼ë¬¸í•´ ë³´ì•„ìš”.","2866","https://www.clien.net/service/board/park/16678081?od=T31&po=6&category=0&groupCd"
"ì˜¤ì§•ì–´ê²Œì„ ê¹ë¶€ í• ì•„ë²„ì§€ í”¼ê·œì–´","575","https://www.clien.net/service/board/park/16678079?od=T31&po=6&category=0&groupCd"
"ì €ëŠ” ì˜¬í•´ë„ ì–´ê¹€ì—†ì´ ë¹¼ë¹¼ë¡œë¥¼..","377","https://www.clien.net/service/board/park/16678077?od=T31&po=6&category=0&groupCd"
"ì•„ì¹¨ì— ê·¸ë§Œ ì•½ì„ ì•ˆë¨¹ê³  ë‚˜ì™”ë”ë‹ˆ ë¶ˆì•ˆí•©ë‹ˆë‹¤..","2652","https://www.clien.net/service/board/park/16678076?od=T31&po=6&category=0&groupCd"
"ìœ¤ì„ì—´, 'ë°˜ë“¯ì´ ì¼ë¶€ëŸ¬ ì¼ë‹¤'","2192","https://www.clien.net/service/board/park/16678074?od=T31&po=6&category=0&groupCd"
"ë”¸ê°™ì•„ì„œ ê·¸ë¬ë‹¤ (ë¸”ë™ë°•ìŠ¤)","527","https://www.clien.net/service/board/park/16678073?od=T31&po=6&category=0&groupCd"
"ë¯¸ë˜ì—ì…‹í˜ì´ ì¹´ë“œë“±ë¡ ì™„ë£Œ","3494","https://www.clien.net/service/board/park/16678072?od=T31&po=6&category=0&groupCd"
"ì—”ì”¨ì†Œí”„íŠ¸ ì¹˜íŠ¸í‚¤ ì‹œì „","2349","https://www.clien.net/service/board/park/16678069?od=T31&po=6&category=0&groupCd"
"ë²•ë¬´ë¶€, ì•„í”„ê°„ íŠ¹ë³„ê¸°ì—¬ì ì‚¬íšŒì •ì°©ì§€ì› ê·¼í™©","3462","https://www.clien.net/service/board/park/16678066?od=T31&po=6&category=0&groupCd"
"ç¾ì •ë¶€ ë’·í†µìˆ˜ê¹ ëª¨ë”ë‚˜","1587","https://www.clien.net/service/board/park/16678065?od=T31&po=6&category=0&groupCd"
"ê¸°ë ˆê¸°ë“¤ ë¼ë¦¬ë„ ì„œë¡œ ê¹Œê³  ì‹¸ìš°ëŠ”êµ°ìš”. (ë¬´ìš´ì„ ë¹ˆë‹¤ ë¬´ ìš´ì„ ë¹ˆë‹¤?)","2138","https://www.clien.net/service/board/park/16678064?od=T31&po=6&category=0&groupCd"
"ì˜¤ëŠ˜ 11ì‹œì— ì‚¬ì´ë Œì´ ìš¸ë¦´ ì˜ˆì •ì…ë‹ˆë‹¤. ë†€ë¼ì§€ ë§ˆì‹­ì‹œìš”..","2809","https://www.clien.net/service/board/park/16678061?od=T31&po=6&category=0&groupCd"
"ì•„íŒŒíŠ¸ ìœ ë¦¬ì°½ì— íƒœì–‘ì „ì§€ê°€ ì™..ë°”ê¹¥ ì‹œì„  ì°¨ë‹¨ì€ 'ë¤'","1797","https://www.clien.net/service/board/park/16678059?od=T31&po=6&category=0&groupCd"
"ì§€ê¸ˆê¹Œì§€ ê¿ˆì†ì— ë‚˜ì™”ë˜ ì—¬ì ì—°ì˜ˆì¸","2449","https://www.clien.net/service/board/park/16678058?od=T31&po=6&category=0&groupCd"
"ì—”ì”¨ì˜ í–¥í›„ë°©í–¥","759","https://www.clien.net/service/board/park/16678057?od=T31&po=6&category=0&groupCd"
"ë“œë¡­ë°•ìŠ¤ -&gt; êµ¬ê¸€ ë“œë¼ì´ë¸Œ -&gt; ì•„ì´í´ë¼ìš°ë“œ ì •ì°©ê¸°","1193","https://www.clien.net/service/board/park/16678054?od=T31&po=7&category=0&groupCd"
"í—ˆí—ˆí—ˆ.. íƒë°°ê°€ ì˜¤ë°°ì†¡ ë˜ì—ˆëŠ”ë°.. ìƒí™©ì´ ì¢€ ì›ƒê¸°ë„¤ìš”","2080","https://www.clien.net/service/board/park/16678053?od=T31&po=7&category=0&groupCd"
"ê°œë°œì vs QA.jpg","3752","https://www.clien.net/service/board/park/16678052?od=T31&po=7&category=0&groupCd"
"ì—”ì”¨ì†Œí”„íŠ¸ +12.73% ... ã„·ã„·","182","https://www.clien.net/service/board/park/16678051?od=T31&po=7&category=0&groupCd"
"ì˜¤ëŠ˜ì€","888","https://www.clien.net/service/board/park/16678050?od=T31&po=7&category=0&groupCd"
"iptimeì— ddnsê´€ë¦¬ ê¸°ëŠ¥ì´ ì¶”ê°€ë˜ì—ˆë„¤ìš”","724","https://www.clien.net/service/board/park/16678049?od=T31&po=7&category=0&groupCd"
"ì—­ì‹œ í‹°ë¹„ëŠ” ì œ ìŠ¤íƒ€ì¼ì´ ì•„ë‹ˆë„¤ìš”...-_-","2569","https://www.clien.net/service/board/park/16678046?od=T31&po=7&category=0&groupCd"
"ì¤‘ì•™ì¼ë³´ê°€ ì´ëŸ° ì§“ë„ í–ˆì—ˆêµ°ìš”.","2306","https://www.clien.net/service/board/park/16678045?od=T31&po=7&category=0&groupCd"
"ìœ¤ì„ì—´ ì¸¡ ''ìœ¤ì„ì—´ í›„ë³´ì˜ ì°¸ë°°ë¥¼ ë§‰ì•„ì„œëŠ” ê·¸ë“¤ì€ ë°˜ë¯¼ì£¼ì  í˜•íƒœ''","3811","https://www.clien.net/service/board/park/16678044?od=T31&po=7&category=0&groupCd"
"ì–´ì œ ì†Œê°œíŒ…í›„ ì œì¼ ì•„ì‰¬ìš´ê±´..","1158","https://www.clien.net/service/board/park/16678043?od=T31&po=7&category=0&groupCd"
"ì¹´ì¹´ì˜¤í†¡ ì„ ë¬¼í•˜ê¸° ì•ˆë˜ë„¤ìš”..??","2297","https://www.clien.net/service/board/park/16678040?od=T31&po=7&category=0&groupCd"
"'æ–‡ì •ë¶€ ë¶€ë™ì‚° ì €ê²©ìˆ˜' ê¹€í—Œë™ ì²­ë¬¸íšŒ ë‹¬êµ° 'ë°˜ê°’ ì•„íŒŒíŠ¸'(ì¢…í•©).","6484","https://www.clien.net/service/board/park/16678039?od=T31&po=7&category=0&groupCd"
"ë‚¨ì‚¬ì¹œ ë§ë‹¤ëŠ” ì†Œìœ ì˜ í—ˆìš© ìŠ¤í‚¨ì‹­","569","https://www.clien.net/service/board/park/16678038?od=T31&po=7&category=0&groupCd"
"í â€¦ ì¹´í†¡ ì €ë§Œ ì•ˆë˜ë‚˜ìš”â€¦","497","https://www.clien.net/service/board/park/16678037?od=T31&po=7&category=0&groupCd"
"ë°°í‹€í•„ë“œ 2042 ì‚¬ì „ì„¤ì¹˜ ì™„ë£Œ","1880","https://www.clien.net/service/board/park/16678036?od=T31&po=7&category=0&groupCd"
"êµ¬ë§¤íŒì´ ì‹¬ìƒì¹˜ ì•Šì€ í”¼ê·œì–´ìƒµ","878","https://www.clien.net/service/board/park/16678035?od=T31&po=7&category=0&groupCd"
"6í•™ë…„ ì½”ë¡œë‚˜ ë°±ì‹  2ì°¨ì ‘ì¢… +2ì¼ì°¨..","928","https://www.clien.net/service/board/park/16678034?od=T31&po=7&category=0&groupCd"
"êµ­ë¯¼ì˜í˜...ì´ ì–¸ë¡  ê°œí˜(?!)ì„ í•˜ëŠ” ë²• feat.ì´ëª…ë°•","998","https://www.clien.net/service/board/park/16678032?od=T31&po=7&category=0&groupCd"
"ë¶€ë™ì‚°ì´ ë¬¸ì œë¼ê¸° ë³´ë‹¤ëŠ” ë¶€ë™ì‚°ê³¼ ì„¸ê¸ˆì´ ë¬¸ì œì…ë‹ˆë‹¤.","959","https://www.clien.net/service/board/park/16678031?od=T31&po=7&category=0&groupCd"
"ì—ì–´íŒŸ ì¹´í†¡ ì˜¤ë©´ ì½ì–´ì£¼ëŠ”ê±° ë¶ˆí¸í•˜ë„¤ìš”â€¦","710","https://www.clien.net/service/board/park/16678030?od=T31&po=7&category=0&groupCd"
"ì¹´ì¹´ì˜¤ì›¹íˆ° ë¹„ì‹¸ë„¤ìš”â€¦","942","https://www.clien.net/service/board/park/16678029?od=T31&po=7&category=0&groupCd"
"ë”¥í˜ì´í¬ ê±´ì€ ë¯¼ì£¼ë‹¹ ì°¨ì›ì—ì„œ ê°•ë ¥ ëŒ€ì²˜ê°€ í•„ìš”í•©ë‹ˆë‹¤.","1444","https://www.clien.net/service/board/park/16678028?od=T31&po=7&category=0&groupCd"
"ê¸°ë“ê¶Œì´ ìœ¤ì„ë ¬ì´ì„ ëŒ€í†µë ¹ìœ¼ë¡œ ë§Œë“¤ë ¤ëŠ” ì´ìœ ","3812","https://www.clien.net/service/board/park/16678025?od=T31&po=7&category=0&groupCd"
"ê¹€í˜„ì¢…ì´ ë³´ìˆ˜ë¡œ ì•ˆ ê°„ ì´ìœ  : ì €ëŠ” ë…¸ë¬´í˜„ ëŒ€í†µë ¹ì„ ì–µìˆ˜ë¡œ ì¢‹ì•„í•©ë‹ˆë‹¤.","1005","https://www.clien.net/service/board/park/16678024?od=T31&po=7&category=0&groupCd"
"ì €ë„ ëŒ€ì¶œ ì‚¬ê¸° ë¬¸ìê°€....","1415","https://www.clien.net/service/board/park/16678021?od=T31&po=7&category=0&groupCd"
"ì•„ì´ë“¤ì€ ì •ë§ ëŒ€ë‹¨í•œë“¯ í•´ìš”~~~","460","https://www.clien.net/service/board/park/16678019?od=T31&po=7&category=0&groupCd"
"ì–€ë”ë‚˜ ì–€ì´ì ë˜ì‹ ë¶„ë“¤ ì–´ë–¤ê°€ìš”?","2712","https://www.clien.net/service/board/park/16678018?od=T31&po=7&category=0&groupCd"
"ìì›ë´‰ì‚¬ í• ì•„ë²„ì§€ ì¸í„°ë·°.jpg","760","https://www.clien.net/service/board/park/16678016?od=T31&po=7&category=0&groupCd"
"ìë™ì°¨ ê²€ì‚¬í•˜ëŸ¬ ì™”ìŠµë‹ˆë‹¤ ã…ã…","721","https://www.clien.net/service/board/park/16678015?od=T31&po=7&category=0&groupCd"
"[YouTube] ìë™ì°¨ ì˜¤ì¼ ìˆœí™˜ ì˜ìƒ..","1193","https://www.clien.net/service/board/park/16678014?od=T31&po=7&category=0&groupCd"
"'ë°˜ë“¯ì´'ëŠ” ì˜ë„í•œ ëª©ì ì˜ íš¨ê³¼ë¥¼ ë°œíœ˜í•˜ëŠ” ê±° ê°™ë„¤ìš”","1019","https://www.clien.net/service/board/park/16678013?od=T31&po=8&category=0&groupCd"
"ì§‘ì— í•´ë¨¹ ì„¤ì¹˜í•´ë†“ìœ¼ë‹ˆ ì¢‹ë„¤ìš”","3197","https://www.clien.net/service/board/park/16678012?od=T31&po=8&category=0&groupCd"
"í ë¦¬ì„¸ì´ë“œ ë¼ëŠ” ìë™ì°¨ ë§ì¸ë°ìš”..","495","https://www.clien.net/service/board/park/16678011?od=T31&po=8&category=0&groupCd"
"ë”ë¶ˆì–´ëŠ” ë­í•˜ë‚˜ìš”â€¦","1533","https://www.clien.net/service/board/park/16678009?od=T31&po=8&category=0&groupCd"
"'ëˆë°›ì€ì=ë²”ì¸' êµ­í˜ ì´ì¤€ì„ 'ì´ì¬ëª… ê¶ì§€, ì•¼ë‹¹ì´ íŠ¹ê²€ì„ëª…'","2178","https://www.clien.net/service/board/park/16678008?od=T31&po=8&category=0&groupCd"
"ë§ë¡œë§Œ ë“¤ì—ˆë˜ ì½”ìŠ¤íŠ¸ì½” ì˜¤í”ˆì§í›„ í’ê²½ã„·...","519","https://www.clien.net/service/board/park/16678007?od=T31&po=8&category=0&groupCd"
"ëˆˆë™ìë¥¼ ë³´ë©´ ì§„ì‹¬ì„ ì•Œ ìˆ˜ ìˆë‹¤ //í† ë¡  ì‚¬ê³¼ í›„ë³´ì ë’¤ ëŒ€ë³€ì¸ ë–¨ê³  ìˆëŠ” ê²Œ ëŠê»´ì ¸","578","https://www.clien.net/service/board/park/16678005?od=T31&po=8&category=0&groupCd"
"MACOSëŠ” í™•ì‹¤íˆ hidpi ëª¨ë‹ˆí„°ë¥¼ ì¨ì•¼ í•˜ëŠ”êµ°ìš”...","480","https://www.clien.net/service/board/park/16678004?od=T31&po=8&category=0&groupCd"
"ì°¨ëŸ‰ ë³´í—˜ ë•Œë¬¸ì— ë¨¸ë¦¬ ì•„í”„ë„¤ìš” ..","2452","https://www.clien.net/service/board/park/16678003?od=T31&po=8&category=0&groupCd"
"ì „ë‚¨ ì¥í¥ì´ ë„ˆë¬´ ì¢‹ì•„ìš”","567","https://www.clien.net/service/board/park/16678002?od=T31&po=8&category=0&groupCd"
"ê³µê³¼ê¸ˆì´ ì¢€ ë¬´ì„­êµ°ìš”","263","https://www.clien.net/service/board/park/16678001?od=T31&po=8&category=0&groupCd"
"ëª¨ë˜ ì–€ì„¼ì¸ìœ¼ë¡œ ì—…ê·¸ë ˆì´ë“œ ì¤‘ì…ë‹ˆë‹¤","1023","https://www.clien.net/service/board/park/16678000?od=T31&po=8&category=0&groupCd"
"ë¯¸ íŒì‚¬, íŠ¸ëŸ¼í”„ì—ê²Œ 'ëŒ€í†µë ¹ì€ ì™•ì´ ì•„ëƒ'","366","https://www.clien.net/service/board/park/16677996?od=T31&po=8&category=0&groupCd"
"ìœ„ì¤‘ì¦ ê´€ë ¨ ê¸°ì‚¬ë“¤ ë³´ë©´ ì™œ ì§œì¦ë§Œ ë‚˜ì£ ???","1933","https://www.clien.net/service/board/park/16677995?od=T31&po=8&category=0&groupCd"
"ì°¨ì„¸ëŒ€ ì „ìì—¬ê¶Œ ì˜¬í•´ 12.21.(í™”)ë¶€í„° ì „ë©´ ë°œê¸‰ ê°œì‹œ","334","https://www.clien.net/service/board/park/16677994?od=T31&po=8&category=0&groupCd"
"ì €ë„ ì–€ì´ìì¸ì´ ë˜ì—ˆìŠµë‹ˆë‹¤.","294","https://www.clien.net/service/board/park/16677993?od=T31&po=8&category=0&groupCd"
"ì–€ë”ë‚˜ë¡œ ë³€ì‹  ì™„ë£Œ ì…ë‹ˆë‹¤","532","https://www.clien.net/service/board/park/16677992?od=T31&po=8&category=0&groupCd"
"atmìœ¼ë¡œ ì…ê¸ˆì„ í–ˆëŠ”ë°...","1359","https://www.clien.net/service/board/park/16677990?od=T31&po=8&category=0&groupCd"
"ìš°ë‹¹íƒ•íƒ• ì•ˆí…Œë‚˜ì—ì„œ ë¯¸ì£¼ ë³¼ ìˆ˜ ìˆì„ê¹Œìš”","1376","https://www.clien.net/service/board/park/16677987?od=T31&po=8&category=0&groupCd"
"9.11 í…ŒëŸ¬ ë‹¹ì‹œ í•œêµ­ì—ì„œ í–ˆë˜ ì „êµ­ë¯¼ ë¬µë…ì´ ìƒê°ë‚˜ë„¤ìš”.","428","https://www.clien.net/service/board/park/16677986?od=T31&po=8&category=0&groupCd"
"ê³ ìœ„í—˜êµ° ì•„ë‹ˆë©´ ë¶€ìŠ¤í„°ìƒ· í•„ìš”í•œì§€ ì•„ë‹Œì§€ ì •ë³´ê°€ ì• ë§¤í•˜ë„¤ìš”...","1114","https://www.clien.net/service/board/park/16677983?od=T31&po=8&category=0&groupCd"
"ì´ë”°ìœ„ ê¸€ í˜¹ì‹œ ë²•ì ì¡°ì¹˜ê°€ ê°€ëŠ¥í•œê°€ìš”?","793","https://www.clien.net/service/board/park/16677982?od=T31&po=8&category=0&groupCd"
"ë™ë„¤ì— ë³´ë©´ ì•„ì´ë¸ê³  ë‹¤ë‹ˆëŠ” í• ë¨¸ë‹ˆë“¤ì´...","736","https://www.clien.net/service/board/park/16677980?od=T31&po=8&category=0&groupCd"
"ì•Œë¦¬ ê´‘êµ°ì œ ê¸°ë‹¤ë¦¬ê³  ìˆìŠµë‹ˆë‹¤.","3544","https://www.clien.net/service/board/park/16677979?od=T31&po=8&category=0&groupCd"
"ì´ì¬ëª… í›„ë³´ í˜¼ì ë›°ëŠ” ëŠë‚Œì…ë‹ˆë‹¤.","763","https://www.clien.net/service/board/park/16677975?od=T31&po=8&category=0&groupCd"
"ê³ ìŠ¤íŠ¸ ë²„ìŠ¤í„° ì• í”„í„°ë¼ì´í”„ ìµœì¢… ì˜ˆê³ í¸","603","https://www.clien.net/service/board/park/16677974?od=T31&po=8&category=0&groupCd"
"ê³ ê°ë‹˜ì€ ì·¨ì•½ê³„ì¸µì— í•´ë‹¹í•˜ì—¬ íŠ¹ë³„ê¸ˆìœµì§€ì›","908","https://www.clien.net/service/board/park/16677973?od=T31&po=8&category=0&groupCd"
"ì € ë§ì€ ì§‘ ì¤‘ì— ë‚´ ì§‘ì€ ì—†ëŠ” ì´ìœ .youtube","1568","https://www.clien.net/service/board/park/16677972?od=T31&po=8&category=0&groupCd"
"ì´ëŸ° ë¬¸ì ì¡°ì‹¬í•˜ì„¸ìš”","1294","https://www.clien.net/service/board/park/16677971?od=T31&po=8&category=0&groupCd"
"ë¯¼ì£¼ë‹¹ì€ ê²½ì„ ì¼ì°ëë‚´ë†“ê³  ë¨¸í•˜ë‚˜ì‹¶ë„¤ìš”","1019","https://www.clien.net/service/board/park/16677968?od=T31&po=8&category=0&groupCd"
"ê·¸ëƒ¥ì´ì—¬ ì‹ í™”ê°€ ë˜ì–´ë¼ 2í™”","4162","https://www.clien.net/service/board/park/16677966?od=T31&po=9&category=0&groupCd"
"ì´‰ë²•ì†Œë…„ì˜ ë¬´ìë¹„í•œ í­í–‰.ã„·ã„·ã„·ã„·ã„·ã„·","501","https://www.clien.net/service/board/park/16677965?od=T31&po=9&category=0&groupCd"
"ì–€ì„¼ë•Œë„ ëŠê¼ˆëŠ”ë° ë°±ì‹ ì´ ì¼ë°˜ ì£¼ì‚¬ë³´ë‹¤ ì•ˆì•„í”„ë„¤ìš”.","561","https://www.clien.net/service/board/park/16677964?od=T31&po=9&category=0&groupCd"
"ì£¼ì‹ ì¢…ëª© ì¶”ì²œ ë¬¸ìëŠ” ì–´ë””ì„œ ìê¾¸ ì˜¤ëŠ”ê±¸ê¹Œìš”;","1205","https://www.clien.net/service/board/park/16677963?od=T31&po=9&category=0&groupCd"
"ë„·í”Œ) ì½”ë¯¸ë”” ìŠ¤í†±ëª¨ì…˜ ì• ë‹ˆ í•˜ë‚˜","1399","https://www.clien.net/service/board/park/16677960?od=T31&po=9&category=0&groupCd"
"ìœ¤ì„ì—´ì˜ â€˜ë°˜ë“¯ì´â€™ëŠ” ê²°êµ­ 518ì„ ì„±ì—­í™”í•˜ì§€ ë§ë¼ëŠ” ê²ë‹ˆë‹¤","860","https://www.clien.net/service/board/park/16677959?od=T31&po=9&category=0&groupCd"
"ì¢€ìˆë‹¤ ì• í”ŒìŠ¤í† ì–´ ê°‘ë‹ˆë‹¤","1315","https://www.clien.net/service/board/park/16677957?od=T31&po=9&category=0&groupCd"
"ì™€ì´í”„ í° ë°”ê¿”ì£¼ë ¤ê³  ì£¼ë¬¸í–ˆìŠµë‹ˆë‹¤.","2442","https://www.clien.net/service/board/park/16677955?od=T31&po=9&category=0&groupCd"
"ë´‰ê³ ev ì „ê¸°ì°¨ê°€ ê²½ì°¨ë³´ë‹¤ ì‹¸ë„¤ìš”...","2353","https://www.clien.net/service/board/park/16677954?od=T31&po=9&category=0&groupCd"
"ì´ì¬ëª… í›„ë³´ëŠ” ë¶€ë™ì‚° ê³µì•½ ë°”ê¾¸ì§€ ì•Šìœ¼ë©´ ì–´ë µë‹¤ê³  ë´…ë‹ˆë‹¤.","486","https://www.clien.net/service/board/park/16677953?od=T31&po=9&category=0&groupCd"
"ìŒ€ í•œê°€ë§ˆ ë‚˜ë¥´ê¸°","2677","https://www.clien.net/service/board/park/16677952?od=T31&po=9&category=0&groupCd"
"ë„·í”Œë¦­ìŠ¤ ì§€ì˜¥ì„ ê¸°ëŒ€í•˜ëŠ” ì´ìœ ","594","https://www.clien.net/service/board/park/16677951?od=T31&po=9&category=0&groupCd"
"í˜¼ë°¥ ì–´ë””ê¹Œì§€ í•´ë³´ì…¨ë‚˜ìš”?","1189","https://www.clien.net/service/board/park/16677947?od=T31&po=9&category=0&groupCd"
"ì‹ìŠ¤ì‹œê·¸ë§ˆ ê´€ë ¨ ì˜ˆì „ì— ë“¤ì—ˆë˜ ì¼í™”","160","https://www.clien.net/service/board/park/16677946?od=T31&po=9&category=0&groupCd"
"í™ˆí”Œí€´ì¦ˆ ì •ë‹µ - 1111","2931","https://www.clien.net/service/board/park/16677945?od=T31&po=9&category=0&groupCd"
"ì”¨í‹°ì€í–‰ 7ì–µ í‡´ì§ê¸ˆì´ë€ ê¸°ì‚¬ë¥¼ ë´¤ìŠµë‹ˆë‹¤.","2399","https://www.clien.net/service/board/park/16677944?od=T31&po=9&category=0&groupCd"
"ì´ë²ˆ ëŒ€ì„ ì´ í•œì¼ì „ì¸ ì´ìœ .jpg","1208","https://www.clien.net/service/board/park/16677943?od=T31&po=9&category=0&groupCd"
"ìœ„ì¤‘ì¦ 473ëª… ì—­ëŒ€ ìµœë‹¤, ê´€ë¦¬ê¸°ì¤€ 500ëª…ì— ê°€ê¹Œì›Œì ¸","1129","https://www.clien.net/service/board/park/16677942?od=T31&po=9&category=0&groupCd"
"LGìŠ¤ë§ˆíŠ¸í‹°ë¹„+ì• í”ŒTV+ ì¡°í•©ì´ ë³„ë¡œì¸ê°€ë´…ë‹ˆë‹¤.","3815","https://www.clien.net/service/board/park/16677941?od=T31&po=9&category=0&groupCd"
"ê¹€ìœ¤ì•„ë‹˜ì²˜ëŸ¼ í‰ìƒ ìŠ¬ë Œë” ìœ ì§€í•˜ì‹œëŠ” ë¶„","964","https://www.clien.net/service/board/park/16677940?od=T31&po=9&category=0&groupCd"
"ì–´ë¥¸ì•„ì´ê°€ ì¢‹ì•„í•˜ëŠ” ì¢…ì´ì ‘ê¸°","929","https://www.clien.net/service/board/park/16677939?od=T31&po=9&category=0&groupCd"
"ì‹ ìš©ì ìˆ˜ ì²œì  ë‹¬ì„± í–ˆë‚´ìš”..?!","846","https://www.clien.net/service/board/park/16677938?od=T31&po=9&category=0&groupCd"
"ìœ¤ì„ì—´, ë˜ ë§ì¶¤ë²• ë…¼ë€â€¦''ì˜¤ì›” ì •ì‹  ë°˜ë“¯ì´(X)â†’ë°˜ë“œì‹œ(â—‹)''","1081","https://www.clien.net/service/board/park/16677937?od=T31&po=9&category=0&groupCd"
"ì¸µê°„ì†ŒìŒ ì˜¤í•´ ê²ªì–´ë³´ë‹ˆ ì€ê·¼ ë¬´ì„­ë„¤ìš”.","780","https://www.clien.net/service/board/park/16677936?od=T31&po=9&category=0&groupCd"
"[ì´ì¬ëª…ì˜ í•©ë‹ˆë‹¤ ì†Œí™•í–‰ ê³µì•½ 1] : ê°€ìƒìì‚° ê³¼ì„¸, 1ë…„ ëŠ¦ì¶”ê² ìŠµë‹ˆë‹¤.","327","https://www.clien.net/service/board/park/16677934?od=T31&po=9&category=0&groupCd"
"ë²ˆí˜¸ì´ë™ì‹œ ì´ë™ì „ í›„, í†µì‹ ì‚¬ì˜ ì²­êµ¬ìš”ê¸ˆ ê¼¼ê¼¼í•˜ê²Œ í™•ì¸í•´ë³´ì„¸ìš”.","1308","https://www.clien.net/service/board/park/16677933?od=T31&po=9&category=0&groupCd"
"ê°¤ëŸ­ì‹œ ì›Œì¹˜4 ë¯¸ì™„ì„± ëŠë‚Œì´ ê°•í•˜ë„¤ìš”","471","https://www.clien.net/service/board/park/16677931?od=T31&po=9&category=0&groupCd"
"ì–€ë”ë‚˜ í•˜ëŸ¬ ì™”ìŠµë‹ˆë‹¤.","284","https://www.clien.net/service/board/park/16677929?od=T31&po=9&category=0&groupCd"
"ë“œë””ì–´ ì—¬ë¦„íœ´ê°€ ì”ë‹ˆë‹¤","796","https://www.clien.net/service/board/park/16677928?od=T31&po=9&category=0&groupCd"
"ì¤‘ê³ ë¬¼í’ˆ ëª‡ ê°œ ì˜¬ë ¸ëŠ”ë° í•™ìƒ ë„¤ê³ ê°€ ë§ë„¤ìš”","4162","https://www.clien.net/service/board/park/16677927?od=T31&po=9&category=0&groupCd"
