"title","con_url2","hit","rec"
"[ㅇㅎ] 청순 스미레 그라비아","https://gall.dcinside.com/board/view/?id=superidea&no=246728&page=1","123125","232"
"용감한 형제가 5년전부터 하던일","https://gall.dcinside.com/board/view/?id=superidea&no=246727&page=1","105046","1022"
"브리라슨이 호감이고 크리스햄스워스는 개새끼인 이유","https://gall.dcinside.com/board/view/?id=superidea&no=246726&page=1","76106","706"
"[ㅇㅎ] 간지럼에 가장 약한 그라비아 아이돌","https://gall.dcinside.com/board/view/?id=superidea&no=246724&page=1","106154","187"
"한국여자들이 근육을 싫어하는것에 대한 기저","https://gall.dcinside.com/board/view/?id=superidea&no=246723&page=1","98637","582"
"오세훈 업적 2. jpg","https://gall.dcinside.com/board/view/?id=superidea&no=246722&page=1","141709","3434"
"몇몇 게임회사 이름의 유래","https://gall.dcinside.com/board/view/?id=superidea&no=246721&page=1","94679","331"
"마신거","https://gall.dcinside.com/board/view/?id=superidea&no=246720&page=1","54365","54"
"깜짝... 갈데까지 가버린 서울시 시민단체 근황 .jpg","https://gall.dcinside.com/board/view/?id=superidea&no=246719&page=1","121185","2268"
"김딱딱 논란 어이없는 점 (feat. 페미민국)","https://gall.dcinside.com/board/view/?id=superidea&no=246718&page=1","123854","2820"
"[ㅇㅎ]  ㄹㅇ 역대급","https://gall.dcinside.com/board/view/?id=superidea&no=246717&page=1","108299","168"
"M235i산 게이다..1개월탄 후기 써봄(3줄요약 있음)","https://gall.dcinside.com/board/view/?id=superidea&no=246716&page=1","45981","157"
"3살 체스 신동... 인생 최대 난관....jpg","https://gall.dcinside.com/board/view/?id=superidea&no=246715&page=1","96511","762"
"17금) 의외로 겜잘알인 누나... jpg","https://gall.dcinside.com/board/view/?id=superidea&no=246714&page=1","143555","532"
"(전) 세러데이.. 초희.. ㄹ황..","https://gall.dcinside.com/board/view/?id=superidea&no=246713&page=1","70766","143"
"해운대 9.5억 뛴 신고가에 부산이 화들짝…매수자는 중국인","https://gall.dcinside.com/board/view/?id=superidea&no=246712&page=1","54217","615"
"해버지 현역시절 슈팅스페셜.gif","https://gall.dcinside.com/board/view/?id=superidea&no=246711&page=1","47340","274"
"[ㅇㅎ] 타츠야 마키호 그라비아 발매","https://gall.dcinside.com/board/view/?id=superidea&no=246710&page=1","53461","69"
"진중권...레전드 ㄹㅇ...JPG","https://gall.dcinside.com/board/view/?id=superidea&no=246709&page=1","98310","1512"
"여초 사이트에서 말하는 포지션별 롤하는 남자.jpg","https://gall.dcinside.com/board/view/?id=superidea&no=246707&page=1","103027","558"
"여왕벌 소신발언 레전드.jpg","https://gall.dcinside.com/board/view/?id=superidea&no=246706&page=1","96093","1130"
"야붕이 pc방 사장님이랑 싸웠다 .jpg","https://gall.dcinside.com/board/view/?id=superidea&no=246705&page=1","160818","2994"
"안싱글벙글 핵융합 기술","https://gall.dcinside.com/board/view/?id=superidea&no=246704&page=1","48556","503"
"싱글벙글 휠체어 전도.gif","https://gall.dcinside.com/board/view/?id=superidea&no=246703&page=1","51772","327"
"싱글벙글 한남 고등학교","https://gall.dcinside.com/board/view/?id=superidea&no=246702&page=1","67596","358"
"싱글벙글 리얼돌카페","https://gall.dcinside.com/board/view/?id=superidea&no=246701&page=1","74034","262"
"싱글벙글 람보르기니.gif","https://gall.dcinside.com/board/view/?id=superidea&no=246700&page=1","60615","249"
"슈카월드 라이브... 2030세대의 분노.jpg","https://gall.dcinside.com/board/view/?id=superidea&no=246699&page=1","55894","653"
"삭재업)여경 기동대 폭로 신작.blind","https://gall.dcinside.com/board/view/?id=superidea&no=246698&page=1","92605","2204"
"꼴릿꼴릿 가능촌","https://gall.dcinside.com/board/view/?id=superidea&no=246697&page=1","92192","621"
"경희대.. 에타근황ㄹㅇ....jpg","https://gall.dcinside.com/board/view/?id=superidea&no=246696&page=1","103763","2087"
"30000vs1...잡히면 따먹힌다...추격전...JPG","https://gall.dcinside.com/board/view/?id=superidea&no=246695&page=1","142166","975"
"행동하는 주붕이 정의구현 하고 왔다","https://gall.dcinside.com/board/view/?id=superidea&no=246694&page=1","30156","436"
"하태경 페북떴다 ㅋㅋㅋㅋㅋㅋㅋㅋㅋ","https://gall.dcinside.com/board/view/?id=superidea&no=246693&page=1","35666","438"
"플레이스토어 110만원 해킹당한거 후기.jpg","https://gall.dcinside.com/board/view/?id=superidea&no=246692&page=1","42920","251"
"진짜 개미친새끼...gif","https://gall.dcinside.com/board/view/?id=superidea&no=246691&page=1","51449","208"
"운빨..만렙..1조..잭팟..동남아..누나..JPG","https://gall.dcinside.com/board/view/?id=superidea&no=246690&page=1","96841","1086"
"김정현 서예지 성별 바꼈으면..jpg","https://gall.dcinside.com/board/view/?id=superidea&no=246689&page=1","47571","751"
"공무원갤 논란....jpg","https://gall.dcinside.com/board/view/?id=superidea&no=246688&page=1","51572","255"
"네이트판 캡쳐","https://gall.dcinside.com/board/view/?id=superidea&no=246686&page=1","42118","215"
"군대와 이 세계의 공통점","https://gall.dcinside.com/board/view/?id=superidea&no=246685&page=1","45844","566"
"무화과 나무 잎으로 차 만들었습니다.","https://gall.dcinside.com/board/view/?id=superidea&no=246684&page=1","24201","181"
"유노윤호랑  서예지 방송에서도 티냈었네ㅋㅋ","https://gall.dcinside.com/board/view/?id=superidea&no=246683&page=1","56129","132"
"시작하는 빵린이를 위하여(1. 무엇을 사야하나)","https://gall.dcinside.com/board/view/?id=superidea&no=246681&page=1","25664","85"
"(스압) 단편 비주류 사람","https://gall.dcinside.com/board/view/?id=superidea&no=246680&page=1","29752","450"
"깜짝.. 윾승사자.. 또 떳다....JPG","https://gall.dcinside.com/board/view/?id=superidea&no=246679&page=1","106355","1494"
"[ㅇㅎ]큰 가슴","https://gall.dcinside.com/board/view/?id=superidea&no=246678&page=1","70820","240"
"코구부장 안경현 저격.jpg","https://gall.dcinside.com/board/view/?id=superidea&no=246677&page=1","25165","100"
"조련누나..자해 후.. 김정현 태도 변화...gif","https://gall.dcinside.com/board/view/?id=superidea&no=246676&page=1","56999","286"
"저번 주말...차박 성지들 근황...jpg","https://gall.dcinside.com/board/view/?id=superidea&no=246675&page=1","111803","169"
"여성만 혜택주는 서울시에 항의전화 함","https://gall.dcinside.com/board/view/?id=superidea&no=246674&page=2","43125","1185"
"야갤러 능지수준..jpg","https://gall.dcinside.com/board/view/?id=superidea&no=246673&page=2","38118","346"
"스톡킹 수요일날 봉중근 그 사건이네 ㅋㅋㅋㅋㅋㅋㅋ","https://gall.dcinside.com/board/view/?id=superidea&no=246672&page=2","19234","144"
"뭘해도 욕먹는 이동수단","https://gall.dcinside.com/board/view/?id=superidea&no=246671&page=2","35744","419"
"경남도민일보 개막기념 NC다이노스 특별판","https://gall.dcinside.com/board/view/?id=superidea&no=246670&page=2","9885","31"
"충격) 중갤이 메갤을 공격하는 진짜 이유...jpg","https://gall.dcinside.com/board/view/?id=superidea&no=246669&page=2","30969","530"
"지구백 반년 1만키로 롱텀후기 (바생일지)","https://gall.dcinside.com/board/view/?id=superidea&no=246668&page=2","15177","33"
"왕조때 정신상태","https://gall.dcinside.com/board/view/?id=superidea&no=246667&page=2","24609","178"
"액셀라대주주입니다. Nak 고급정보 오픈합니다.","https://gall.dcinside.com/board/view/?id=superidea&no=246666&page=2","15557","38"
"문재앙 정부 원전USB 구라 걸림ㅋㅋ jpg","https://gall.dcinside.com/board/view/?id=superidea&no=246665&page=2","93915","2451"
"마영전 12주년 간담회.txt","https://gall.dcinside.com/board/view/?id=superidea&no=246664&page=2","20501","237"
"[ㅇㅎ]랜덤추출 11장","https://gall.dcinside.com/board/view/?id=superidea&no=246663&page=2","38803","88"
"눈물 주륵...학교 생활 100퍼 공감.jpg","https://gall.dcinside.com/board/view/?id=superidea&no=246662&page=2","132399","1543"
"홍팍...오조오억 사태...분석 ㄹㅇ...jpg","https://gall.dcinside.com/board/view/?id=superidea&no=246660&page=2","92221","3488"
"진중권 VS 야준석....... 키배근황........JPG","https://gall.dcinside.com/board/view/?id=superidea&no=246658&page=2","87713","1976"
"지금 생각하면 양심 없는 놈 원탑..... ㄹㅇ","https://gall.dcinside.com/board/view/?id=superidea&no=246657&page=2","43836","175"
"조작키의 기원.jpg","https://gall.dcinside.com/board/view/?id=superidea&no=246656&page=2","39775","320"
"자장면 누나 ㅗㅜㅑ","https://gall.dcinside.com/board/view/?id=superidea&no=246655&page=2","141719","2489"
"이준석  ㄹㅇ 개사이다네..","https://gall.dcinside.com/board/view/?id=superidea&no=246654&page=2","121863","5724"
"와우 여왕벌 만화.jpg","https://gall.dcinside.com/board/view/?id=superidea&no=246653&page=2","56551","762"
"오늘자... 갓선일보 페이스북 레전드 떴다...ㅗㅜㅑ","https://gall.dcinside.com/board/view/?id=superidea&no=246652&page=2","98728","3135"
"연애 군단장.gif","https://gall.dcinside.com/board/view/?id=superidea&no=246651&page=2","45926","404"
"어제 메이플 간담회에서 나온 충격적인 정보... jpg","https://gall.dcinside.com/board/view/?id=superidea&no=246650&page=2","48873","285"
"싱글벙글 엄마","https://gall.dcinside.com/board/view/?id=superidea&no=246648&page=2","29667","211"
"싱글벙글 병역거부 이유","https://gall.dcinside.com/board/view/?id=superidea&no=246647&page=2","28638","401"
"싱글벙글 냉혹한 전쟁의 세계 ...jpg","https://gall.dcinside.com/board/view/?id=superidea&no=246646&page=2","23030","172"
"싱글벙글 남친촌 ㅗㅜㅑ ...jpg","https://gall.dcinside.com/board/view/?id=superidea&no=246645&page=2","43284","241"
"박범계 K-법무부 근황 (.feat 내로남불)","https://gall.dcinside.com/board/view/?id=superidea&no=246644&page=2","18054","317"
"공지)일론 머스크 호칭변경 및 화성 소유권 안내.jpg","https://gall.dcinside.com/board/view/?id=superidea&no=246643&page=2","23991","242"
"뒤진트짹근황_jpg","https://gall.dcinside.com/board/view/?id=superidea&no=246642&page=2","50841","342"
"[ㅇㅎ] 얼마전.. 두바이 ..누드 모델들.. 근황 .. ㅗㅜㅑ jpg","https://gall.dcinside.com/board/view/?id=superidea&no=246641&page=2","76614","307"
"[ㅇㅎ] 니시무라 호노카","https://gall.dcinside.com/board/view/?id=superidea&no=246640&page=2","47526","89"
"[ㅇㅎ] 맨발","https://gall.dcinside.com/board/view/?id=superidea&no=246639&page=2","46287","122"
"[ㅇㅎ] ㅂㄲ","https://gall.dcinside.com/board/view/?id=superidea&no=246638&page=2","51382","68"
"킹탄고지 인증 / 후기","https://gall.dcinside.com/board/view/?id=superidea&no=246637&page=2","51096","282"
"친누나 죽을뻔 했다는 서.예지 썰...jpg","https://gall.dcinside.com/board/view/?id=superidea&no=246636&page=2","59866","557"
"조련의 달인..누나..몸매..GIF","https://gall.dcinside.com/board/view/?id=superidea&no=246635&page=2","86066","334"
"레슬매니아37 2일차 사진들(스압).jpg","https://gall.dcinside.com/board/view/?id=superidea&no=246633&page=2","22380","61"
"공군 간부 우덜식 보안 클라스 ㅋㅋㅋㅋㅋ","https://gall.dcinside.com/board/view/?id=superidea&no=246632&page=2","42594","607"
"강동연 누나","https://gall.dcinside.com/board/view/?id=superidea&no=246631&page=2","50057","100"
"4년만에 본체 청소했어요...","https://gall.dcinside.com/board/view/?id=superidea&no=246630&page=2","50024","222"
"카짓을 알아보는 단또의 비범함ㄷㄷㄷㄷ","https://gall.dcinside.com/board/view/?id=superidea&no=246629&page=2","29944","197"
"이공계 여자신입생 장학금 35% 할당","https://gall.dcinside.com/board/view/?id=superidea&no=246627&page=2","35998","614"
"손흥민이 가지고있는 킬러 모음 일부ㅋㅋㅋㅋㅋ","https://gall.dcinside.com/board/view/?id=superidea&no=246626&page=2","24356","162"
"싱글벙글 해양대학교 똥군기","https://gall.dcinside.com/board/view/?id=superidea&no=246625&page=2","35168","227"
"싱글벙글 그성별의 계산법","https://gall.dcinside.com/board/view/?id=superidea&no=246624&page=2","50478","432"
"실시간 경희대 수업 클라스.jpg","https://gall.dcinside.com/board/view/?id=superidea&no=246623&page=2","57288","886"
"메이플 커뮤니티 난리난 개발팀 규모 논란.jpg","https://gall.dcinside.com/board/view/?id=superidea&no=246622&page=2","50779","231"
"맨시티 출신 손흥민 논란 &quot;이게 축구다&quot;","https://gall.dcinside.com/board/view/?id=superidea&no=246620&page=2","38081","533"
"만패랑 힘틀이랑 훈훈한 일화 생겼네요","https://gall.dcinside.com/board/view/?id=superidea&no=246619&page=2","13978","76"
"남자 5명이서 오지게 조지고 온 이즈 하코네 박투어","https://gall.dcinside.com/board/view/?id=superidea&no=246618&page=3","26422","64"
"남녀 방구 냄새 차이 ㄹㅇ...JPG","https://gall.dcinside.com/board/view/?id=superidea&no=246617&page=3","149391","2033"
"[국순당] 막걸리 회사가 한국 스마트팜의 선두주자라고?","https://gall.dcinside.com/board/view/?id=superidea&no=246616&page=3","22036","39"
"sos주주들봐라","https://gall.dcinside.com/board/view/?id=superidea&no=246615&page=3","17649","20"
"손창민 인스타 현재상황","https://gall.dcinside.com/board/view/?id=superidea&no=246614&page=3","50132","619"
"싱글벙글 응애 나 아기 드립 대항마","https://gall.dcinside.com/board/view/?id=superidea&no=246613&page=3","33744","309"
"싱글벙글 상남자촌","https://gall.dcinside.com/board/view/?id=superidea&no=246612&page=3","35299","445"
"로아 떠나는 메난민 만화......","https://gall.dcinside.com/board/view/?id=superidea&no=246611&page=3","56116","604"
"깜짝... 여고생의 은밀한 고민 .jpg","https://gall.dcinside.com/board/view/?id=superidea&no=246610&page=3","158806","1133"
"김딱딱씨 . gif","https://gall.dcinside.com/board/view/?id=superidea&no=246609&page=3","42412","220"
"[ㅇㅎ] 어제자 아프리카에서 제일 야했던 여캠","https://gall.dcinside.com/board/view/?id=superidea&no=246608&page=3","96914","575"
"뮤지컬 박정희 배우들 돈 못받았다는 것은 좀 충격이네","https://gall.dcinside.com/board/view/?id=superidea&no=246607&page=3","23264","121"
"편의점 노예처럼 일 한 내가 글 싸봄 1","https://gall.dcinside.com/board/view/?id=superidea&no=246606&page=3","19339","100"
"메이플 ....남캐 vs 여캐 유저....수준차이","https://gall.dcinside.com/board/view/?id=superidea&no=246605&page=3","63696","756"
"파워퍼프걸 실사판 촬영사진","https://gall.dcinside.com/board/view/?id=superidea&no=246604&page=3","41441","211"
"청소년 이용불가 게임...고증ㅓㅜㅑ","https://gall.dcinside.com/board/view/?id=superidea&no=246603&page=3","83289","773"
"구미 김씨 편지 분석","https://gall.dcinside.com/board/view/?id=superidea&no=246601&page=3","19936","66"
"찬빈님 부부싸움 ssul","https://gall.dcinside.com/board/view/?id=superidea&no=246599&page=3","27661","256"
"오늘자 어메이징 k리그ㅋㅋ.jpg","https://gall.dcinside.com/board/view/?id=superidea&no=246598&page=3","28020","240"
"이번 웨스트햄전 인종차별","https://gall.dcinside.com/board/view/?id=superidea&no=246597&page=3","20749","97"
"[ㅇㅎ]야구 배트걸 눈나s 보구가!","https://gall.dcinside.com/board/view/?id=superidea&no=246596&page=3","47614","159"
"[ㅇㅎ]중국녀 유두밴드 란제리","https://gall.dcinside.com/board/view/?id=superidea&no=246595&page=3","62237","104"
"[ㅇㅎ]이글 클릭하면 ""오~~"" 소리 나옴","https://gall.dcinside.com/board/view/?id=superidea&no=246594&page=3","63357","368"
"[디스패치] &quot;서예지가 조종했다&quot;..김정현,","https://gall.dcinside.com/board/view/?id=superidea&no=246593&page=3","28492","137"
"오늘자 마이크로소프트 에이지오브엠파이어4 역사왜곡 논란","https://gall.dcinside.com/board/view/?id=superidea&no=246592&page=3","23054","297"
"훌쩍훌쩍 요구르트 살인사건...jpg","https://gall.dcinside.com/board/view/?id=superidea&no=246591&page=3","34793","161"
"페그오 현황","https://gall.dcinside.com/board/view/?id=superidea&no=246590&page=3","41471","163"
"정보글) S&amp;P500 지수추종의 미래에 대한 테스팅","https://gall.dcinside.com/board/view/?id=superidea&no=246589&page=3","15813","88"
"재업) 대깨문 만화가 근황 ㅋㅋㅋㅋㅋㅋㅋㅋ","https://gall.dcinside.com/board/view/?id=superidea&no=246588&page=3","93704","3432"
"약쟁이  - 로무새들이 오히려 약물 사용을 부추긴다 -","https://gall.dcinside.com/board/view/?id=superidea&no=246587&page=3","19152","56"
"암호화폐의 역사 그리고 미래에 대한 생각(1)","https://gall.dcinside.com/board/view/?id=superidea&no=246585&page=3","18547","39"
"알쏭달쏭 중세유럽 동물재판.jpg","https://gall.dcinside.com/board/view/?id=superidea&no=246584&page=3","23561","100"
"아아.. 나를 &quot;뉴잉 마니아&quot;라고 불러주겠나","https://gall.dcinside.com/board/view/?id=superidea&no=246583&page=3","15364","33"
"스압) 희귀한 차들 몇 대 찍어봤음 #3","https://gall.dcinside.com/board/view/?id=superidea&no=246582&page=3","22011","184"
"박원순 시민단체에 들어간 7000억원 상세 내용 .gisa","https://gall.dcinside.com/board/view/?id=superidea&no=246581&page=3","26124","537"
"댓글공작...시동..on..jpg","https://gall.dcinside.com/board/view/?id=superidea&no=246580&page=3","92230","4174"
"대한민국 여성정치인들의 젊은시절.jpg","https://gall.dcinside.com/board/view/?id=superidea&no=246579&page=3","107825","1474"
"대한민국 남자 정치인들 젊은 시절....jpg","https://gall.dcinside.com/board/view/?id=superidea&no=246578&page=3","94959","2224"
"나인원한남의 끝내주는 근본","https://gall.dcinside.com/board/view/?id=superidea&no=246577&page=3","21838","131"
"그 때 그 시절 제도성배기담","https://gall.dcinside.com/board/view/?id=superidea&no=246576&page=3","14301","114"
"간담회 요약 떴다 ㄷㄷㄷㄷㄷㄷㄷㄷㄷㄷㄷㄷㄷㄷㄷㄷㄷㄷㄷㄷ","https://gall.dcinside.com/board/view/?id=superidea&no=246575&page=3","79838","683"
"훌쩍훌쩍 김씨돌촌.kor","https://gall.dcinside.com/board/view/?id=superidea&no=246574&page=3","21370","298"
"퍼거슨이 영입한 105인 평점....jpg","https://gall.dcinside.com/board/view/?id=superidea&no=246573&page=3","28411","248"
"코엑스 근황 ㅗㅜㅑ jpg","https://gall.dcinside.com/board/view/?id=superidea&no=246572&page=3","130866","2513"
"축신조 pk 11호골.....gif","https://gall.dcinside.com/board/view/?id=superidea&no=246571&page=3","21017","167"
"저번 총선... 갓딱 일침 ㄹㅇ...JPG","https://gall.dcinside.com/board/view/?id=superidea&no=246569&page=3","87077","2995"
"이거 ㄹㅇ 몬헌식 연출인데","https://gall.dcinside.com/board/view/?id=superidea&no=246567&page=3","41197","216"
"왕토가 문재인을 박살내고도 조선일보를 때려친 이유.jpg","https://gall.dcinside.com/board/view/?id=superidea&no=246566&page=3","48231","836"
"역대 최악의 게임팬덤 .jpg","https://gall.dcinside.com/board/view/?id=superidea&no=246565&page=3","47998","437"
"미국의 경제식민지","https://gall.dcinside.com/board/view/?id=superidea&no=246564&page=3","19800","124"
"메이플 간담회 총정리 (feat. 로아 위기)","https://gall.dcinside.com/board/view/?id=superidea&no=246563&page=4","40798","680"
"다시보는 상남자 팬덤 응원문구","https://gall.dcinside.com/board/view/?id=superidea&no=246562&page=4","20716","124"
"깜짝... 갈데까지 간 여성정책 근황 .jpg","https://gall.dcinside.com/board/view/?id=superidea&no=246560&page=4","113885","2838"
"깜짝.. 야물농장..레전드편..JPG","https://gall.dcinside.com/board/view/?id=superidea&no=246559&page=4","119826","2403"
"20살 대학생 몸평해봐라 헬갤러들아","https://gall.dcinside.com/board/view/?id=superidea&no=246558&page=4","85270","494"
"[ㅇㅎ] 나나밍 그라비아 모음","https://gall.dcinside.com/board/view/?id=superidea&no=246557&page=4","49124","40"
"[ㅇㅎ] 자연G컵 올해 미스맥심 출전 예정..gif","https://gall.dcinside.com/board/view/?id=superidea&no=246556&page=4","84247","283"
"허경영 때문에 눈물 흘린 여자 ㅜ..ㅠ 오똑하지","https://gall.dcinside.com/board/view/?id=superidea&no=246554&page=4","61157","658"
"유익유익 심폐소생촌","https://gall.dcinside.com/board/view/?id=superidea&no=246553&page=4","40439","235"
"심의불가...요즘 음방 수위....JPG","https://gall.dcinside.com/board/view/?id=superidea&no=246552&page=4","151145","1515"
"스시녀 전화번호 얻는 방법.jpg","https://gall.dcinside.com/board/view/?id=superidea&no=246551&page=4","138556","950"
"세계 최고의 엔진오일 = bmw 순정오일?","https://gall.dcinside.com/board/view/?id=superidea&no=246550&page=4","27981","71"
"마인크래프트 K-도시만들기","https://gall.dcinside.com/board/view/?id=superidea&no=246548&page=4","48780","541"
"닌텐도의 추억, 그리고 잃어버린 BGM을 찾아서.","https://gall.dcinside.com/board/view/?id=superidea&no=246547&page=4","33424","151"
"깜짝...박영선 페북 글...JPG","https://gall.dcinside.com/board/view/?id=superidea&no=246546&page=4","71641","2048"
"건슬 공모전 남자 헌터 아바타도 작업해 봤습니다 :&gt;","https://gall.dcinside.com/board/view/?id=superidea&no=246544&page=4","27300","168"
"SOS 레딧 현재 상황","https://gall.dcinside.com/board/view/?id=superidea&no=246543&page=4","31948","68"
"35살 인생 망함","https://gall.dcinside.com/board/view/?id=superidea&no=246542&page=4","74939","420"
"흡족한..식사..별점 깎은..누나..JPG","https://gall.dcinside.com/board/view/?id=superidea&no=246541&page=4","140349","1615"
"싱글벙글 남녀평등","https://gall.dcinside.com/board/view/?id=superidea&no=246540&page=4","42997","468"
"미국 팬들이 기억하는 박찬호를 한번 알아보자","https://gall.dcinside.com/board/view/?id=superidea&no=246539&page=4","36574","535"
"모솔..야붕이..경찰청에..문의남김..JPG","https://gall.dcinside.com/board/view/?id=superidea&no=246538&page=4","107777","1953"
"깜짝... 한녀... 오지랖 레전드 .jpg","https://gall.dcinside.com/board/view/?id=superidea&no=246537&page=4","106760","1229"
"결혼에 대한 현실","https://gall.dcinside.com/board/view/?id=superidea&no=246536&page=4","61102","741"
"15시즌 팬북짤","https://gall.dcinside.com/board/view/?id=superidea&no=246535&page=4","18065","60"
"[ㅇㅎ] 김나연 치어리더 수영복.jpg","https://gall.dcinside.com/board/view/?id=superidea&no=246534&page=4","49459","127"
"BLM 창설자 37세, 15억 자택 구입","https://gall.dcinside.com/board/view/?id=superidea&no=246533&page=4","22745","142"
"[ㅇㅎ] AKB48 화보 레전드","https://gall.dcinside.com/board/view/?id=superidea&no=246532&page=4","35336","47"
"학교 컴퓨터에 이상한 짓 하다가 강전 당할뻔한 병신","https://gall.dcinside.com/board/view/?id=superidea&no=246531&page=4","45091","418"
"이 무슨 대자연인가-해마에 대해 알아보자(개정판)","https://gall.dcinside.com/board/view/?id=superidea&no=246530&page=4","27289","443"
"올해 라팍에서일하고있는 알바생인데 (썰","https://gall.dcinside.com/board/view/?id=superidea&no=246529&page=4","21863","181"
"영국에서 케이팝 인기","https://gall.dcinside.com/board/view/?id=superidea&no=246528&page=4","37320","125"
"싱가포르 대형 뉴스채널에 뜬 쁘걸 기사 초간단 의역","https://gall.dcinside.com/board/view/?id=superidea&no=246527&page=4","29909","282"
"실시간 레클레스 상황 ㅋㅋㅋㅋㅋㅋㅋ.jpg","https://gall.dcinside.com/board/view/?id=superidea&no=246526&page=4","59597","730"
"속보) 여명숙 근황 ㅗㅜㅑ jpg","https://gall.dcinside.com/board/view/?id=superidea&no=246525&page=4","33748","881"
"레매 세자로 vs 세스 롤린스 gif","https://gall.dcinside.com/board/view/?id=superidea&no=246524&page=4","16528","144"
"tvn...논란모음 jpg","https://gall.dcinside.com/board/view/?id=superidea&no=246523&page=4","31319","313"
"LG트윈스 내로남불.framing","https://gall.dcinside.com/board/view/?id=superidea&no=246522&page=4","15713","343"
"KF-21 맥디 반응 떴다","https://gall.dcinside.com/board/view/?id=superidea&no=246521&page=4","18584","101"
"[ㅇㅎ] 인터넷에서 쌍욕먹는 몸매.jpg","https://gall.dcinside.com/board/view/?id=superidea&no=246519&page=4","67876","324"
"하성킹 축하해주는 팀원들.gif","https://gall.dcinside.com/board/view/?id=superidea&no=246518&page=4","14881","81"
"한준희가 생각하는 성민규.jpg","https://gall.dcinside.com/board/view/?id=superidea&no=246517&page=4","19356","267"
"코인으로 돈번놈들 부러워할필요 없는 이유 ㄷㄷㄷㄷ","https://gall.dcinside.com/board/view/?id=superidea&no=246515&page=4","37723","255"
"지금보니 ㄹㅇ; 상남자 레전드...JPG","https://gall.dcinside.com/board/view/?id=superidea&no=246513&page=4","113028","4181"
"지금 논란 터진 계약서 ㄷㄷㄷ....JPG","https://gall.dcinside.com/board/view/?id=superidea&no=246512&page=4","96457","794"
"윤지선 교수 사건 근황.jpg","https://gall.dcinside.com/board/view/?id=superidea&no=246511&page=4","33024","558"
"성희롱 논란 최고다윽박 해명영상 + 방제....","https://gall.dcinside.com/board/view/?id=superidea&no=246509&page=4","102856","1584"
"서울시청 앞 근황 ㄹㅇ;...JPG","https://gall.dcinside.com/board/view/?id=superidea&no=246508&page=4","116184","4634"
"빨갱이 문재앙이 친중인 팩트","https://gall.dcinside.com/board/view/?id=superidea&no=246507&page=4","19474","420"
"배신자 오세훈이 재검표를 안하는 이유","https://gall.dcinside.com/board/view/?id=superidea&no=246506&page=4","23972","146"
"레니게이드 장단점 알려줌.txt","https://gall.dcinside.com/board/view/?id=superidea&no=246504&page=5","16951","63"
"러시안 프로그램 종결(증량 단 5.5!!pr!!)","https://gall.dcinside.com/board/view/?id=superidea&no=246503&page=5","14590","50"
"디아2 리저렉티드 훨윈드 비교...gif","https://gall.dcinside.com/board/view/?id=superidea&no=246502&page=5","34896","203"
"동물이모 vs 루샤오준","https://gall.dcinside.com/board/view/?id=superidea&no=246500&page=5","13284","46"
"■ 뮌헨 기자가 밝히는 손흥민 뮌헨 이적.jpg ■","https://gall.dcinside.com/board/view/?id=superidea&no=246498&page=5","14608","133"
"'그' 당 근황ㄹㅇ...jpg","https://gall.dcinside.com/board/view/?id=superidea&no=246497&page=5","100684","2149"
"JP모건 마켓 인사이트 그냥 대충 살펴보았습니다.","https://gall.dcinside.com/board/view/?id=superidea&no=246496&page=5","11797","17"
"???: 몸값이 너무 비싸 빅클럽 이적을 못하는것....","https://gall.dcinside.com/board/view/?id=superidea&no=246495&page=5","25128","297"
"??? : 보궐선거 참패는 언론의 편파보도 탓","https://gall.dcinside.com/board/view/?id=superidea&no=246494&page=5","79627","2515"
"22살 노가다인생 일본 중고차 출고함","https://gall.dcinside.com/board/view/?id=superidea&no=246493&page=5","26223","165"
"20대 한남이 주목받자 빡돌아버린 진교수님","https://gall.dcinside.com/board/view/?id=superidea&no=246492&page=5","28226","439"
"&quot;그래도 내 와이프/ 여친은 그나마 나&quot;","https://gall.dcinside.com/board/view/?id=superidea&no=246491&page=5","29009","335"
"남성 나체사진 유포하는 여초싸이트 SBS에 제보했다.","https://gall.dcinside.com/board/view/?id=superidea&no=246490&page=5","97194","3187"
"폭력 멈춰 탄생 배경......jpg","https://gall.dcinside.com/board/view/?id=superidea&no=246489&page=5","25546","393"
"정찬성이 보는 ""줄리엔강 vs 김동현"" 정리","https://gall.dcinside.com/board/view/?id=superidea&no=246488&page=5","18943","151"
"유튜브...한녀들의 이중성 ㄹㅇ...jpg","https://gall.dcinside.com/board/view/?id=superidea&no=246487&page=5","107291","3982"
"유익한 독일물가의 세계.info","https://gall.dcinside.com/board/view/?id=superidea&no=246486&page=5","22585","179"
"아니 시바 존나 놀랬노 어떤 새끼냐","https://gall.dcinside.com/board/view/?id=superidea&no=246485&page=5","21219","76"
"싱글벙글 요즘 제일 꼴보기싫른 그림체..JPG","https://gall.dcinside.com/board/view/?id=superidea&no=246484&page=5","28080","278"
"싱글벙글 외국인 한국생활...JPG","https://gall.dcinside.com/board/view/?id=superidea&no=246483&page=5","23334","168"
"싱글벙글 숙명여대","https://gall.dcinside.com/board/view/?id=superidea&no=246482&page=5","22411","164"
"싱글벙글 다크서클","https://gall.dcinside.com/board/view/?id=superidea&no=246481&page=5","18260","136"
"싱글벙글 거상촌..JPG","https://gall.dcinside.com/board/view/?id=superidea&no=246480&page=5","21432","143"
"깜짝... 캣맘들 근황 .jpg","https://gall.dcinside.com/board/view/?id=superidea&no=246479&page=5","91515","1650"
"[오세훈] 압구정-여의도-잠실이 풀리는 이유","https://gall.dcinside.com/board/view/?id=superidea&no=246478&page=5","16722","146"
"???: 앞으로 뭐 먹고 사냐....","https://gall.dcinside.com/board/view/?id=superidea&no=246477&page=5","20727","192"
"헬스특강)벤치프레스 통증 총정리간다. 필독","https://gall.dcinside.com/board/view/?id=superidea&no=246476&page=5","43872","165"
"천등산 벽이주는행복","https://gall.dcinside.com/board/view/?id=superidea&no=246475&page=5","23376","60"
"수영복 군단장...jpg","https://gall.dcinside.com/board/view/?id=superidea&no=246474&page=5","83930","212"
"나의 군대 이야기 (도대체 왜? 제보썰 )","https://gall.dcinside.com/board/view/?id=superidea&no=246473&page=5","39483","526"
"[똑딱시대]쿼츠 툴워치 삼국지-세이코의 갑질과 인과응보","https://gall.dcinside.com/board/view/?id=superidea&no=246472&page=5","14385","41"
"95kg-&gt;72까지 7주 걸렸습니다 (순수 체지방감소)","https://gall.dcinside.com/board/view/?id=superidea&no=246471&page=5","40752","273"
"10대들 마인드.jpg","https://gall.dcinside.com/board/view/?id=superidea&no=246470&page=5","79295","1812"
"현직인데 알리바바와 유니티 매수타점 알려드립니다","https://gall.dcinside.com/board/view/?id=superidea&no=246469&page=5","21679","34"
"친구는.. '찰흙친구'가 있어요...jpg","https://gall.dcinside.com/board/view/?id=superidea&no=246468&page=5","44127","361"
"중고차 팁","https://gall.dcinside.com/board/view/?id=superidea&no=246467&page=5","29752","186"
"이천수가 말하는 박지성의 진실 jpg","https://gall.dcinside.com/board/view/?id=superidea&no=246466&page=5","42712","488"
"여초 환장..... 팡이요 실제 인기 체감.....real","https://gall.dcinside.com/board/view/?id=superidea&no=246465&page=5","79163","424"
"싱글벙글 대깨문","https://gall.dcinside.com/board/view/?id=superidea&no=246464&page=5","39375","941"
"싱글벙글 av누나","https://gall.dcinside.com/board/view/?id=superidea&no=246463&page=5","81190","770"
"슈퍼커브 탈때 롱부츠는 오버 아닌가요?","https://gall.dcinside.com/board/view/?id=superidea&no=246462&page=5","20939","137"
"보궐..압도적 승리..틀니..근황...JPG","https://gall.dcinside.com/board/view/?id=superidea&no=246461&page=5","84001","1219"
"4.10일 마감시황 및 이슈","https://gall.dcinside.com/board/view/?id=superidea&no=246460&page=5","16763","121"
"10년전..시트콤..덜 불편한 시절..JPG","https://gall.dcinside.com/board/view/?id=superidea&no=246459&page=5","91694","2127"
"현재 난리난 경희대(국제캠) 에타 .jpg","https://gall.dcinside.com/board/view/?id=superidea&no=246458&page=5","96385","2002"
"한남이 올해 저지른 일들 ㄹㅇ...jpg","https://gall.dcinside.com/board/view/?id=superidea&no=246457&page=5","95258","3546"
"축리웹 클라스 ㅋㅋㅋㅋㅋㅋㅋㅋㅋ","https://gall.dcinside.com/board/view/?id=superidea&no=246456&page=5","29886","210"
"왕조솩 요약본","https://gall.dcinside.com/board/view/?id=superidea&no=246455&page=5","17477","106"
"오타니를 축하해주는 덕아웃리더 졸스신.,,,,,gif","https://gall.dcinside.com/board/view/?id=superidea&no=246454&page=5","21900","107"
"양녀들 ... 한녀 돌려까기 ...jpg","https://gall.dcinside.com/board/view/?id=superidea&no=246453&page=5","100134","2323"
"시립대 페미 동아리 성명서 해명 떴다....jpg","https://gall.dcinside.com/board/view/?id=superidea&no=246452&page=6","77155","1939"
"머스그로브 병디 첫 노히트 달성..gif","https://gall.dcinside.com/board/view/?id=superidea&no=246451&page=6","10264","94"
"여자가 운전을 못하는 이유.jpg","https://gall.dcinside.com/board/view/?id=superidea&no=246450&page=6","54401","809"
"깜짝 ... 임기시작 하루만에 욕먹는 오세훈","https://gall.dcinside.com/board/view/?id=superidea&no=246449&page=6","124025","4449"
"오세훈이 서울시장 일을 못하고있다? 이놈들 때문이다","https://gall.dcinside.com/board/view/?id=superidea&no=246448&page=6","19485","517"
"""文대통령 믿었다 벼락거지, 극단선택 고민""…20대의 靑 청원","https://gall.dcinside.com/board/view/?id=superidea&no=246447&page=6","27762","345"
"몸갤같은데는 조심하긴해야됨.","https://gall.dcinside.com/board/view/?id=superidea&no=246446&page=6","67669","300"
"진중권 ""반페미? 이건 아냐"" 이준석 서민과 결별선언jpg","https://gall.dcinside.com/board/view/?id=superidea&no=246445&page=6","23096","188"
"신재은이 모델이라는데","https://gall.dcinside.com/board/view/?id=superidea&no=246444&page=6","51856","127"
"노시환 한쓰두 연타석 쓰리런!!!! .gif","https://gall.dcinside.com/board/view/?id=superidea&no=246443&page=6","10076","183"
"[옽활인의 시계] - 요즘 본 괜찮은 시계 모음 (1) (스압)","https://gall.dcinside.com/board/view/?id=superidea&no=246442&page=6","10769","45"
"인도네시아 '잠자는 소녀' 간헐적 깊은 잠…최대 13일 못 깨어나","https://gall.dcinside.com/board/view/?id=superidea&no=246441&page=6","24071","77"
"안녕하세요 Eighteen April 입니다. 인터뷰 올려요~","https://gall.dcinside.com/board/view/?id=superidea&no=246440&page=6","6959","39"
"열애.Manhwa","https://gall.dcinside.com/board/view/?id=superidea&no=246439&page=6","35154","894"
"확실히 이쁘긴 조온나 예쁜 애들","https://gall.dcinside.com/board/view/?id=superidea&no=246438&page=6","37446","86"
"트릴비의 노트 ... 7편.","https://gall.dcinside.com/board/view/?id=superidea&no=246436&page=6","9390","122"
"투자 대가들의 조언을 대충 정리해봄","https://gall.dcinside.com/board/view/?id=superidea&no=246435&page=6","9772","49"
"재업) 왜냐맨(김민아 유튜브) 사과문 올라옴 ㅋㅋㅋㅋ","https://gall.dcinside.com/board/view/?id=superidea&no=246433&page=6","98833","3729"
"일판 뿌요뿌요 퀘스트 기본 번역, 가이드","https://gall.dcinside.com/board/view/?id=superidea&no=246432&page=6","14452","37"
"위안부 할머니 호소에도 침묵하는 빨갱이 문재앙","https://gall.dcinside.com/board/view/?id=superidea&no=246431&page=6","13592","422"
"와들와들 전쟁촌.jpg","https://gall.dcinside.com/board/view/?id=superidea&no=246430&page=6","17840","76"
"오싹오싹 전체이용가 몹 디자인","https://gall.dcinside.com/board/view/?id=superidea&no=246429&page=6","18308","111"
"에스티팜 이번 LNP관련 공시 설명","https://gall.dcinside.com/board/view/?id=superidea&no=246428&page=6","5771","18"
"안싱글벙글 96년생 남자vs여자","https://gall.dcinside.com/board/view/?id=superidea&no=246427&page=6","29522","404"
"싱글벙글 동물들 크기..JPG","https://gall.dcinside.com/board/view/?id=superidea&no=246426&page=6","22626","122"
"스압주의/데이터주의) 유니폼 자랑질-뮌혐편","https://gall.dcinside.com/board/view/?id=superidea&no=246425&page=6","3512","22"
"스압주의/데이터주의) 유니폼 자랑질-국대편(마지막)","https://gall.dcinside.com/board/view/?id=superidea&no=246424&page=6","2700","19"
"스압) 집이 붕괴직전인 인천 아파트...JPG","https://gall.dcinside.com/board/view/?id=superidea&no=246423&page=6","85025","1644"
"사회에서 만나 본 출신대학별 느낌.txt","https://gall.dcinside.com/board/view/?id=superidea&no=246422&page=6","27750","120"
"변태 속마음...심리전문가의 분석...JPG","https://gall.dcinside.com/board/view/?id=superidea&no=246421&page=6","113471","1721"
"민주당은 이제 분당 확정이네ㅋㅋㅋㅋㅋㅋㅋㅋㅋㅋㅋㅋㅋㅋㅋㅋㅋㅋㅋㅋㅋㅋㅋㅋㅋ","https://gall.dcinside.com/board/view/?id=superidea&no=246420&page=6","20420","426"
"미국은 열심히 일하지 않는자에게 차가운 나라.","https://gall.dcinside.com/board/view/?id=superidea&no=246419&page=6","15671","129"
"게임 소개) 퀴즈 나나이로 드림스","https://gall.dcinside.com/board/view/?id=superidea&no=246417&page=6","11826","57"
"[행배야]앙 행모띠(4편)","https://gall.dcinside.com/board/view/?id=superidea&no=246416&page=6","3312","7"
"[포갤 도감] 질뻐기와 무지개시티","https://gall.dcinside.com/board/view/?id=superidea&no=246415&page=6","6812","89"
"[만화] 파붕이 오늘 헬스장서 개무시 당한 썰 푼다.","https://gall.dcinside.com/board/view/?id=superidea&no=246414&page=6","11460","108"
"surprise.. 최근난리.. 카페에서 봉변당한 판녀 .jpg","https://gall.dcinside.com/board/view/?id=superidea&no=246413&page=6","104987","1486"
"롤린 작곡가 ㄹㅇ 레전드급 개씹흑우네 ㅋㅋㅋㅋㅋㅋ","https://gall.dcinside.com/board/view/?id=superidea&no=246412&page=6","21084","161"
"※민도 판독기 오세훈 74퍼이상 25개지역 ㄷㄷ","https://gall.dcinside.com/board/view/?id=superidea&no=246410&page=6","7410","102"
"오늘자 쿠팡 서버마비 사태로 인한 킥붕이 상황","https://gall.dcinside.com/board/view/?id=superidea&no=246408&page=6","15176","254"
"윤‍‍지선 지지한다는 대학교 동아리 연합....jpg","https://gall.dcinside.com/board/view/?id=superidea&no=246407&page=6","60620","723"
"[ㅇㅎ] 일본이랑 뭔일 있나","https://gall.dcinside.com/board/view/?id=superidea&no=246406&page=6","49929","85"
"[ㅇㅎ] 기분좋아서 야짤 푼다","https://gall.dcinside.com/board/view/?id=superidea&no=246405&page=6","57851","181"
"[ㅇㅎ] 좋아","https://gall.dcinside.com/board/view/?id=superidea&no=246404&page=6","47281","93"
"[ㅇㅎ] 몸매","https://gall.dcinside.com/board/view/?id=superidea&no=246403&page=6","65549","152"
"73세 할머니의 분노,.jpg","https://gall.dcinside.com/board/view/?id=superidea&no=246402&page=6","46591","470"
"스압) 회사 썸녀가 팬티 두고간 썰","https://gall.dcinside.com/board/view/?id=superidea&no=246401&page=6","57818","286"
"[ㅇㅎ] 새벽반용, 서비스 페이지.","https://gall.dcinside.com/board/view/?id=superidea&no=246399&page=6","40142","92"
"[ㅇㅎ] 기분 존나좋다 야짤달린다","https://gall.dcinside.com/board/view/?id=superidea&no=246398&page=6","59436","305"
"틀딱..보수의 암인 이유 ㄹㅇ;....JPG","https://gall.dcinside.com/board/view/?id=superidea&no=246397&page=6","109601","3368"
"우상호 의원 감염병예방법 위반으로 서울시 중구청에 신고했다","https://gall.dcinside.com/board/view/?id=superidea&no=246396&page=7","39231","1057"
"오세훈 시장님 정부 방역지침에 반기 들었음ㅋㅋㅋㅋㅋㅋjpg","https://gall.dcinside.com/board/view/?id=superidea&no=246395&page=7","73464","2781"
"싱글벙글 짱깨촌","https://gall.dcinside.com/board/view/?id=superidea&no=246394&page=7","30796","184"
"실시간 k-용팔이가 스위치 몬헌 에디션 파는법","https://gall.dcinside.com/board/view/?id=superidea&no=246392&page=7","40782","821"
"속상한 누나 책상 레전드..jpg","https://gall.dcinside.com/board/view/?id=superidea&no=246391&page=7","125095","3140"
"보배드림) 바이크로 진짜 암살시도","https://gall.dcinside.com/board/view/?id=superidea&no=246390&page=7","25118","228"
"로아 원화팀 통수 거하게쳐맞음ㅋㅋㅋㅋㅋㅋㅋㅋㅋ","https://gall.dcinside.com/board/view/?id=superidea&no=246389&page=7","37627","321"
"까암짝... 옛날 공무원 수준 .jpg","https://gall.dcinside.com/board/view/?id=superidea&no=246387&page=7","87948","1777"
"김제동이랑 서장훈 강연 차이.jpg","https://gall.dcinside.com/board/view/?id=superidea&no=246386&page=7","91429","2907"
"■(최신판) 20/21 손뽕....^Dream^ Special","https://gall.dcinside.com/board/view/?id=superidea&no=246385&page=7","11559","316"
"[단독] 씹떡주 근황","https://gall.dcinside.com/board/view/?id=superidea&no=246384&page=7","29187","167"
"홍남기가 재건축 못하게 똥물 뿌리고 있다","https://gall.dcinside.com/board/view/?id=superidea&no=246383&page=7","17165","601"
"일본에 유행하는 신흥 종교.jpg","https://gall.dcinside.com/board/view/?id=superidea&no=246382&page=7","36485","610"
"은근히 멋있는 야쿠자....jpg","https://gall.dcinside.com/board/view/?id=superidea&no=246381&page=7","50310","472"
"싱글벙글 좆같은 교회","https://gall.dcinside.com/board/view/?id=superidea&no=246380&page=7","30908","274"
"싱글벙글 알바가 손님을 혼낼(?)권한","https://gall.dcinside.com/board/view/?id=superidea&no=246379&page=7","26971","328"
"싱글벙글 물리치료사","https://gall.dcinside.com/board/view/?id=superidea&no=246378&page=7","28021","363"
"버스 정류장에서 임산부에게 말거는 아저씨.gif","https://gall.dcinside.com/board/view/?id=superidea&no=246377&page=7","30750","406"
"박원순 피해자가 오세훈 당선되고 운 이유..JPG","https://gall.dcinside.com/board/view/?id=superidea&no=246376&page=7","85212","2438"
"노곤한 낮 3시 속이 뻥 뚫리는 기사 보고가라","https://gall.dcinside.com/board/view/?id=superidea&no=246375&page=7","21891","432"
"고성 투어 갔다 왔어","https://gall.dcinside.com/board/view/?id=superidea&no=246374&page=7","10386","48"
"MBC 이건 또 뭐냐.....jpg","https://gall.dcinside.com/board/view/?id=superidea&no=246373&page=7","96971","2693"
"청와대는 20대 페미문제 다 알고 있었음","https://gall.dcinside.com/board/view/?id=superidea&no=246372&page=7","36542","1012"
"조선일보 페북지기 드립력 미쳤나 ㅅㅂ ㅋㅋㅋㅋㅋㅋㅋㅋ","https://gall.dcinside.com/board/view/?id=superidea&no=246371&page=7","23614","334"
"일용이 박은수, 70세에 돼지농장에서 일하는 충격적 근황 공개","https://gall.dcinside.com/board/view/?id=superidea&no=246370&page=7","15550","53"
"기름 숙소 음주가무회식 방역수칙 위반 맞다","https://gall.dcinside.com/board/view/?id=superidea&no=246368&page=7","17255","206"
"한국.. 단.. 5명... G컵... 왕가슴... 맥심 누나.. gif","https://gall.dcinside.com/board/view/?id=superidea&no=246367&page=7","74753","179"
"일본은 엔카가수도 그라비아 찍네","https://gall.dcinside.com/board/view/?id=superidea&no=246366&page=7","27000","68"
"[단독] 백신접종 거부한 국공립어린이집 보육교사 '해고'","https://gall.dcinside.com/board/view/?id=superidea&no=246365&page=7","15742","165"
"브레이브걸스 매니저 Brave Girls Manager (스압)","https://gall.dcinside.com/board/view/?id=superidea&no=246364&page=7","24151","139"
"연재글 쓰다말고 튀어서 X같은 X끼.jpg","https://gall.dcinside.com/board/view/?id=superidea&no=246363&page=7","34153","373"
"깜짝... 공무원 호칭논란 .jpg","https://gall.dcinside.com/board/view/?id=superidea&no=246362&page=7","72927","1631"
"고속도로...렉카...반응속도...gif","https://gall.dcinside.com/board/view/?id=superidea&no=246361&page=7","90816","988"
"얼빠들의 위엄이 이정도죠","https://gall.dcinside.com/board/view/?id=superidea&no=246360&page=7","26345","147"
"차가 이렇게 됐는데 산다고?","https://gall.dcinside.com/board/view/?id=superidea&no=246358&page=7","20604","74"
"[ㅇㅎ]몸매 갤러리만 오면 쓸데없이 눈만 높아지는데","https://gall.dcinside.com/board/view/?id=superidea&no=246357&page=7","39534","180"
"싱글벙글 한국여자영화감독","https://gall.dcinside.com/board/view/?id=superidea&no=246356&page=7","22881","204"
"[ㅇㅎ]가슴에 파묻혀서 잠들고 싶다","https://gall.dcinside.com/board/view/?id=superidea&no=246355&page=7","44437","170"
"[ㅇㅎ]레깅스 눈나들","https://gall.dcinside.com/board/view/?id=superidea&no=246354&page=7","48725","146"
"강릉 무장공비 침투사건 당시 상황","https://gall.dcinside.com/board/view/?id=superidea&no=246353&page=7","22182","277"
"싱글벙글 진격의거인 엔딩.jpg","https://gall.dcinside.com/board/view/?id=superidea&no=246351&page=7","26363","260"
"싱글벙글 뺨때리기 대회 챔피언 근황","https://gall.dcinside.com/board/view/?id=superidea&no=246350&page=7","25189","182"
"박형준 부산시장님 TVCF 제작한게 자랑","https://gall.dcinside.com/board/view/?id=superidea&no=246349&page=7","11177","176"
"띠용띠용 가장 정상적인 여초사이트","https://gall.dcinside.com/board/view/?id=superidea&no=246348&page=7","27355","343"
"해리포터 해그리드의 오두막&amp;금지된 숲 디오라마-상(약스압)","https://gall.dcinside.com/board/view/?id=superidea&no=246347&page=7","10574","84"
"심심풀이로 보는 일본라면 이름 해석하는법.jpg","https://gall.dcinside.com/board/view/?id=superidea&no=246346&page=7","19692","285"
"오늘자 미쳐버린 쓱스타.gif","https://gall.dcinside.com/board/view/?id=superidea&no=246342&page=7","20408","152"
"[ㅇㅎ]파갤러 형들한테 너무 고마워서 올림","https://gall.dcinside.com/board/view/?id=superidea&no=246341&page=7","22624","116"
"칼럼) 볼트슈트 입고 오또케 화장실을 갈꽈?","https://gall.dcinside.com/board/view/?id=superidea&no=246340&page=7","28329","225"
"박하명 찐 고소선언문 떴다....jpg","https://gall.dcinside.com/board/view/?id=superidea&no=246339&page=7","79942","2790"
"로아 열풍 끝났다 ㅋㅋㅋㅋㅋ 다음주 나락가는 이유ㅋㅋㅋㅋㅋ","https://gall.dcinside.com/board/view/?id=superidea&no=246337&page=8","42345","186"
"대원미디어 근황 및 호재 정리.txt","https://gall.dcinside.com/board/view/?id=superidea&no=246336&page=8","17658","40"
"다시보는 문재인-안철수의 악연 ㄹㅇ;...JPG","https://gall.dcinside.com/board/view/?id=superidea&no=246335&page=8","82207","2538"
"그것이 알고싶다 그 성별 레전드..ㄷㄷ","https://gall.dcinside.com/board/view/?id=superidea&no=246334&page=8","92048","2342"
"귀멸의칼날 아카자 코스프레 만들어봄","https://gall.dcinside.com/board/view/?id=superidea&no=246333&page=8","16139","48"
"국가별 세계 500대 기업.jpg","https://gall.dcinside.com/board/view/?id=superidea&no=246332&page=8","91958","540"
"[스압] 아무도 안 물어본 바이크 입문기","https://gall.dcinside.com/board/view/?id=superidea&no=246331&page=8","6179","29"
"[념글요청] 선동한다 (VIAC)_上","https://gall.dcinside.com/board/view/?id=superidea&no=246330&page=8","6579","16"
"Nnox 나녹스 냉정한 분석3","https://gall.dcinside.com/board/view/?id=superidea&no=246329&page=8","8388","50"
"타이거 우즈...사고 원인...JPG","https://gall.dcinside.com/board/view/?id=superidea&no=246325&page=8","82655","791"
"드디어 시작된 3n 죽이기.jpg","https://gall.dcinside.com/board/view/?id=superidea&no=246321&page=8","39647","414"
"냉혹한 요즘 여성향 웹툰 썸네일 구도.jpg","https://gall.dcinside.com/board/view/?id=superidea&no=246320&page=8","46566","988"
"갈라진 20대 표심.. 남녀 인터뷰 ㄹㅇ;...JPG","https://gall.dcinside.com/board/view/?id=superidea&no=246318&page=8","110538","3405"
"K-할로우나이트 사망여각 선발대 후기...gif","https://gall.dcinside.com/board/view/?id=superidea&no=246317&page=8","30223","256"
"샌더스 '저는 여성이니까 저를 찍어주세요'","https://gall.dcinside.com/board/view/?id=superidea&no=246316&page=8","38169","794"
"그 여초 사이트 다른 여초한테 여론조작 당하는 현장.jpg","https://gall.dcinside.com/board/view/?id=superidea&no=246314&page=8","45297","389"
"유일하게 인정하는 중도연예인...jpg","https://gall.dcinside.com/board/view/?id=superidea&no=246313&page=8","71756","1682"
"스압) 박수홍 고소 근황","https://gall.dcinside.com/board/view/?id=superidea&no=246312&page=8","33814","291"
"혼혈 VS 혼혈 2탄 (GIF) (스압)","https://gall.dcinside.com/board/view/?id=superidea&no=246311&page=8","55460","141"
"스타가 근본게임인 이유...jpg","https://gall.dcinside.com/board/view/?id=superidea&no=246308&page=8","98324","3651"
"[ㅇㅎ] 일본 코스플레이어 haneame","https://gall.dcinside.com/board/view/?id=superidea&no=246307&page=8","48646","217"
"2021시즌 첫승리의 공룡 왔다","https://gall.dcinside.com/board/view/?id=superidea&no=246305&page=8","12080","191"
"[ㅇㅎ] 최강 지하돌 출신 그라비아돌","https://gall.dcinside.com/board/view/?id=superidea&no=246304&page=8","47606","62"
"[ㅇㅎ] 피곤해","https://gall.dcinside.com/board/view/?id=superidea&no=246303&page=8","39163","73"
"변화과정 살짝 보여줌 굉장히 살짝임","https://gall.dcinside.com/board/view/?id=superidea&no=246302&page=8","41206","466"
"오세훈.... 책상 실시간.......jpg","https://gall.dcinside.com/board/view/?id=superidea&no=246301&page=8","68532","955"
"19) 속상한 누나..과거 ㅗㅜㅑ ..JPG","https://gall.dcinside.com/board/view/?id=superidea&no=246300&page=8","127785","1070"
"중붕이들은 잘 모르는 베데스다의 아버지","https://gall.dcinside.com/board/view/?id=superidea&no=246298&page=8","29870","128"
"약투 해준다 - 고자? 그런건 두달이면 치료한다","https://gall.dcinside.com/board/view/?id=superidea&no=246296&page=8","20235","98"
"니들은 등산 동호회 가지마라","https://gall.dcinside.com/board/view/?id=superidea&no=246292&page=8","61946","511"
"누나들....이번 선거 논평...jpg","https://gall.dcinside.com/board/view/?id=superidea&no=246291&page=8","105376","1886"
"고민덩 태세전환 ㅋㅋㅋㅋ","https://gall.dcinside.com/board/view/?id=superidea&no=246289&page=8","26591","455"
"MBC 논란중인 기상 캐스터 정체....jpg","https://gall.dcinside.com/board/view/?id=superidea&no=246288&page=8","108716","2397"
"지금 여성시대 싸움남 ㅋㅋ","https://gall.dcinside.com/board/view/?id=superidea&no=246285&page=8","113319","2143"
"이제는 우리가 문통을 지켜드려야한다","https://gall.dcinside.com/board/view/?id=superidea&no=246284&page=8","26520","626"
"싱글벙글 치킨100조각","https://gall.dcinside.com/board/view/?id=superidea&no=246283&page=8","29793","224"
"싱글벙글 진물나고 냄새심해","https://gall.dcinside.com/board/view/?id=superidea&no=246282&page=8","35720","184"
"싱글벙글 이기주의","https://gall.dcinside.com/board/view/?id=superidea&no=246280&page=8","27003","228"
"북일고 성희롱게이 진짜 개좆됐다 ㅋㅋㅋㅋㅋ .jpg","https://gall.dcinside.com/board/view/?id=superidea&no=246279&page=8","86022","1024"
"박초롱 옹호하던 친구, 판 글 삭제.jpg","https://gall.dcinside.com/board/view/?id=superidea&no=246278&page=8","20253","142"
"교복 염색 ㅁㅌㅊ??","https://gall.dcinside.com/board/view/?id=superidea&no=246275&page=8","54261","507"
"자막 제작자의 배려.JPG","https://gall.dcinside.com/board/view/?id=superidea&no=246274&page=8","26720","275"
"실시간 메롱시티 이거 뭐냐","https://gall.dcinside.com/board/view/?id=superidea&no=246273&page=8","23965","83"
"네토라레에 진심인 만화","https://gall.dcinside.com/board/view/?id=superidea&no=246272&page=8","34688","534"
"이중주차 참교육 했다","https://gall.dcinside.com/board/view/?id=superidea&no=246271&page=8","22875","206"
"야 좆됨 씨발 우리 랜디 창씨개명 할 수도 있음","https://gall.dcinside.com/board/view/?id=superidea&no=246269&page=8","27249","143"
"류현진 오늘 삼진 모음.gif","https://gall.dcinside.com/board/view/?id=superidea&no=246268&page=8","17410","133"
"묻혔던 이준석 심야토론 레전드","https://gall.dcinside.com/board/view/?id=superidea&no=246266&page=8","105590","3731"
"야붕이 ㄹㅇ 엄마랑 기싸움...jpg","https://gall.dcinside.com/board/view/?id=superidea&no=246265&page=8","99624","2162"
"속보)) 화이자 백신 근황 떳다 ㄷㄷㄷㄷㄷ.jpg","https://gall.dcinside.com/board/view/?id=superidea&no=246264&page=8","54948","1027"
"대한민국 국가부채 근황...JPG","https://gall.dcinside.com/board/view/?id=superidea&no=246262&page=9","75779","1541"
"필라테스 하는 다혜","https://gall.dcinside.com/board/view/?id=superidea&no=246261&page=9","41332","81"
"[ㅇㅎ] 잡다폭격","https://gall.dcinside.com/board/view/?id=superidea&no=246260&page=9","32157","81"
"Calvin Klein.twitterJP(JoongBok Danger)","https://gall.dcinside.com/board/view/?id=superidea&no=246259&page=9","27777","101"
"싱글벙글 한국인","https://gall.dcinside.com/board/view/?id=superidea&no=246258&page=9","28587","332"
"싱글벙글 꼴잘알 할배","https://gall.dcinside.com/board/view/?id=superidea&no=246257&page=9","34617","235"
"싱글벙글 20대 남자 몰표 트짹이들 반응","https://gall.dcinside.com/board/view/?id=superidea&no=246256&page=9","30069","397"
"[ㅇㅎ]몸매","https://gall.dcinside.com/board/view/?id=superidea&no=246255&page=9","33571","111"
"[ㅇㅎ]Bj손밍눈나","https://gall.dcinside.com/board/view/?id=superidea&no=246254&page=9","47101","112"
"싱글벙글 비효율적인 cpu","https://gall.dcinside.com/board/view/?id=superidea&no=246253&page=9","24921","235"
"우리 동네 배민 이 새끼 뭐냐","https://gall.dcinside.com/board/view/?id=superidea&no=246252&page=9","31979","375"
"원서 출판사한테서 메일 왔다.","https://gall.dcinside.com/board/view/?id=superidea&no=246251&page=9","16285","297"
"실시간 그 사이트 인기글 .jpg","https://gall.dcinside.com/board/view/?id=superidea&no=246250&page=9","99795","2047"
"스압) 선생님 몸무게로 주식투자하기.jpg","https://gall.dcinside.com/board/view/?id=superidea&no=246249&page=9","24229","276"
"4월 6일 함양 지산재, 의령 한우산 은하수","https://gall.dcinside.com/board/view/?id=superidea&no=246248&page=9","4607","70"
"4/7~4/8 오피스룩 대란 정리.summary","https://gall.dcinside.com/board/view/?id=superidea&no=246247&page=9","39614","249"
"아빠차끌고 와이딩하다 좃댔다..","https://gall.dcinside.com/board/view/?id=superidea&no=246246&page=9","27481","184"
"필독) 증권사 직원이랑 쇼부쳐서 거래세 낮춘 썰","https://gall.dcinside.com/board/view/?id=superidea&no=246244&page=9","17006","90"
"이번 재보궐 선거가 더 큰 의의를 갖는 이유....ㄹㅇ","https://gall.dcinside.com/board/view/?id=superidea&no=246243&page=9","73264","2413"
"서울 , 부산 집계 현황..JPG","https://gall.dcinside.com/board/view/?id=superidea&no=246242&page=9","83903","2234"
"데이터주의) GIF로 보는 라이프치히전 하이라이트","https://gall.dcinside.com/board/view/?id=superidea&no=246241&page=9","5531","33"
"던파의 메북공정 ㄷㄷ) -던- 근황.jpg","https://gall.dcinside.com/board/view/?id=superidea&no=246240&page=9","25183","398"
"현재 틀니앙 베스트글.","https://gall.dcinside.com/board/view/?id=superidea&no=246238&page=9","22103","443"
"정신못차린 k게임 근황","https://gall.dcinside.com/board/view/?id=superidea&no=246237&page=9","53311","551"
"실시간 야후 파이낸스 ㅋㅋㅋ","https://gall.dcinside.com/board/view/?id=superidea&no=246236&page=9","19588","173"
"박초롱 피해호소인 짤떴다","https://gall.dcinside.com/board/view/?id=superidea&no=246233&page=9","22751","195"
"던파X배민 콜라보 뜸.gif","https://gall.dcinside.com/board/view/?id=superidea&no=246232&page=9","36941","211"
"깜짝... 여초커뮤... 보궐선거 반응 .jpg","https://gall.dcinside.com/board/view/?id=superidea&no=246231&page=9","99982","1683"
"겜덕 중붕이를 본 눈나의 반응.jpg","https://gall.dcinside.com/board/view/?id=superidea&no=246230&page=9","42022","281"
"야붕이.. 깜짝 ..!! 대구.. 급식.. 수준.. 레전드..txt","https://gall.dcinside.com/board/view/?id=superidea&no=246229&page=9","87470","612"
"세 여자....배신...JPG","https://gall.dcinside.com/board/view/?id=superidea&no=246228&page=9","73526","401"
"(모음) 오늘 투표 인증한 연예인들. . .JPG","https://gall.dcinside.com/board/view/?id=superidea&no=246227&page=9","55610","394"
"[ㅇㅎ] 제목은 뭘로","https://gall.dcinside.com/board/view/?id=superidea&no=246226&page=9","47159","117"
"[ㅇㅎ] 이쁨","https://gall.dcinside.com/board/view/?id=superidea&no=246225&page=9","54678","98"
"[ㅇㅎ] 야로나 풀리면은 이런 비키니입은 여자들 캐리비안베이가면 있나","https://gall.dcinside.com/board/view/?id=superidea&no=246224&page=9","60384","112"
"전설의 공룡 대원미디어 x 스튜디오이온 영상 다시보고가라","https://gall.dcinside.com/board/view/?id=superidea&no=246223&page=9","15837","47"
"[ㅇㅎ] 의외로 남자들이 싫어하는 몸매.jpg","https://gall.dcinside.com/board/view/?id=superidea&no=246222&page=9","71116","256"
"비토 폭락해도 내가 흔들리지 않는 이유.txt","https://gall.dcinside.com/board/view/?id=superidea&no=246221&page=9","76596","1330"
"바이크 중고매물 보는법","https://gall.dcinside.com/board/view/?id=superidea&no=246220&page=9","21161","74"
"돡념)결국 돡포 나온 양석환 유니폼게이가 걸어온길.jpg","https://gall.dcinside.com/board/view/?id=superidea&no=246219&page=9","10177","110"
"서울시장 투표한 클리앙 유저 근황.jpg","https://gall.dcinside.com/board/view/?id=superidea&no=246218&page=9","71464","1499"
"[ㅇㅎ] 랜덤 안리","https://gall.dcinside.com/board/view/?id=superidea&no=246217&page=9","34569","66"
"다시보는 서울시장선거 올타임레전드.jpg","https://gall.dcinside.com/board/view/?id=superidea&no=246216&page=9","73062","2136"
"20년째 첫사랑을 못잊는 고민남 ...jpg","https://gall.dcinside.com/board/view/?id=superidea&no=246215&page=9","72637","1114"
"현재 소닉 팬덤 최대의 축제","https://gall.dcinside.com/board/view/?id=superidea&no=246214&page=9","26641","148"
"중념글에 TS소닉 야짤 장인 missphase의 근황ㅋㅋ","https://gall.dcinside.com/board/view/?id=superidea&no=246212&page=9","32024","198"
"정보) 레버리지 ETF 여러가지 팩트체크 해준다","https://gall.dcinside.com/board/view/?id=superidea&no=246211&page=9","15532","118"
"와들와들 일본 밀덕.jpg","https://gall.dcinside.com/board/view/?id=superidea&no=246210&page=9","34121","474"
"스압) 일베 씹금수저 인증 레전드..이넘은 보통아니네.jpg","https://gall.dcinside.com/board/view/?id=superidea&no=246209&page=9","89412","1385"
"블리자드의 디아2 근첩 100명 모집 큰그림...jpg","https://gall.dcinside.com/board/view/?id=superidea&no=246208&page=9","25115","387"
"독재정권에 맞서 싸우는 축구선수 ㅗㅜㅑ","https://gall.dcinside.com/board/view/?id=superidea&no=246207&page=10","28025","622"
"근첩들 깜짝...! 오늘 공개된 오버워치 스킨들...gif","https://gall.dcinside.com/board/view/?id=superidea&no=246206&page=10","42266","179"
"그때 그 시절..개막장 나혼산 레전드 ㅋㅋㅋㅋㅋㅋ.jpg","https://gall.dcinside.com/board/view/?id=superidea&no=246205&page=10","59831","1257"
"짭시티 빼박 매수...gif","https://gall.dcinside.com/board/view/?id=superidea&no=246204&page=10","25957","276"
"연예인 투표 인증 레전드...JPG","https://gall.dcinside.com/board/view/?id=superidea&no=246203&page=10","83205","1628"
"야봉이 어제 친구 손절한거 인증...jpg","https://gall.dcinside.com/board/view/?id=superidea&no=246202&page=10","66234","956"
"싱글벙글 투표..JPG","https://gall.dcinside.com/board/view/?id=superidea&no=246201&page=10","23707","345"
"싱글벙글 엘리베이터에서 있었던일 ...JPG","https://gall.dcinside.com/board/view/?id=superidea&no=246200&page=10","29805","543"
"시원시원 페미촌.jpg","https://gall.dcinside.com/board/view/?id=superidea&no=246199&page=10","43455","434"
"속보) JTBC 도둑질 하다가 걸림 ㅋㅋㅋㅋㅋ","https://gall.dcinside.com/board/view/?id=superidea&no=246198&page=10","56941","971"
"비극) 신귀 따라하던 ㅈ소 직장인...","https://gall.dcinside.com/board/view/?id=superidea&no=246197&page=10","22721","246"
"만패 개좆됐네요ㅋㅋㅋㅋㅋㅋㅋㅋ","https://gall.dcinside.com/board/view/?id=superidea&no=246196&page=10","23406","163"
"꼴통 20대 대가리에 분노하는 진보시민....jpg","https://gall.dcinside.com/board/view/?id=superidea&no=246195&page=10","33426","603"
"ㄹㅇ 억대연봉...직업...jpg","https://gall.dcinside.com/board/view/?id=superidea&no=246194&page=10","95431","1024"
"YTN 뉴스 근황 ㄹㅇ;...JPG","https://gall.dcinside.com/board/view/?id=superidea&no=246193&page=10","60028","1372"
"싱글벙글 독박 병역","https://gall.dcinside.com/board/view/?id=superidea&no=246191&page=10","21522","421"
"박영선 유리천장 드립ㅋㅋㅋㅋ","https://gall.dcinside.com/board/view/?id=superidea&no=246190&page=10","17478","258"
"작가들... 돈주고... 일러스트... 표지 만드는.. 이유... jpg","https://gall.dcinside.com/board/view/?id=superidea&no=246189&page=10","30695","301"
"오ㅍ1녀의 랩 .mp3","https://gall.dcinside.com/board/view/?id=superidea&no=246188&page=10","28361","191"
"[ㅇㅎ]파워걸 만들면 무조건 이 눈나로 가자","https://gall.dcinside.com/board/view/?id=superidea&no=246186&page=10","33392","154"
"210406 오늘 경기 리뷰 (MVP - 최원준)","https://gall.dcinside.com/board/view/?id=superidea&no=246185&page=10","8825","197"
"쿠팡 CNBC에서 개털렸노 ㅋㅋㅋ","https://gall.dcinside.com/board/view/?id=superidea&no=246184&page=10","21893","193"
"[ㅇㅎ]돌핀팬츠 눈나 모음집","https://gall.dcinside.com/board/view/?id=superidea&no=246183&page=10","67896","292"
"[ㅇㅎ]눈감고 고른짤","https://gall.dcinside.com/board/view/?id=superidea&no=246182&page=10","40730","132"
"남자들 섹스안해줘서 헤어질수 있어?.jpg","https://gall.dcinside.com/board/view/?id=superidea&no=246181&page=10","54440","663"
"여자들 심쿵하게 하는 법 tip","https://gall.dcinside.com/board/view/?id=superidea&no=246179&page=10","34679","249"
"싱글벙글 킹댕이","https://gall.dcinside.com/board/view/?id=superidea&no=246178&page=10","23587","267"
"싱글벙글 2초만에 누구 현수막인지 알수있는짤..GIF","https://gall.dcinside.com/board/view/?id=superidea&no=246177&page=10","22700","137"
"스브스 새드라마 유명비디오게임 표절논란...jpg","https://gall.dcinside.com/board/view/?id=superidea&no=246176&page=10","27484","226"
"국가별 10티어manhwa. 2021","https://gall.dcinside.com/board/view/?id=superidea&no=246175&page=10","21490","192"
"쉽게배우는 무차입 공매도.jpg","https://gall.dcinside.com/board/view/?id=superidea&no=246174&page=10","20723","225"
"대한민국, 국민 4대 의무 중 하나인 근로의 의무가 무엇일까?","https://gall.dcinside.com/board/view/?id=superidea&no=246173&page=10","17808","324"
"한국철도의 화장실, 과연 장애인을 배려한 화장실 일까?","https://gall.dcinside.com/board/view/?id=superidea&no=246172&page=10","18065","181"
"대한민국 공산화 진행현황","https://gall.dcinside.com/board/view/?id=superidea&no=246169&page=10","24756","494"
"자랑스러운 K 귀멸의 칼날.jpg","https://gall.dcinside.com/board/view/?id=superidea&no=246167&page=10","30657","382"
"안면인식장애 TMI 알려주는.manhwa","https://gall.dcinside.com/board/view/?id=superidea&no=246166&page=10","22422","293"
"빚 다 갚았다 ㅠㅠ 축하해줘","https://gall.dcinside.com/board/view/?id=superidea&no=246165&page=10","22641","117"
"[ㅇㅎ]검스","https://gall.dcinside.com/board/view/?id=superidea&no=246164&page=10","50398","184"
"짤막한 리버풀 TMI 챔스 기록 다섯 가지.txt","https://gall.dcinside.com/board/view/?id=superidea&no=246163&page=10","6908","51"
"인천 치어리더 의상 레전드 ㅗㅜㅑ.......jpg","https://gall.dcinside.com/board/view/?id=superidea&no=246162&page=10","37858","140"
"역주행 날벼락.jpg","https://gall.dcinside.com/board/view/?id=superidea&no=246161&page=10","92277","1283"
"액셀라대주주입니다. Nak 향후 전망 알려드립니다","https://gall.dcinside.com/board/view/?id=superidea&no=246160&page=10","7318","21"
"블라인드에서의 분노한 Nc 직원...","https://gall.dcinside.com/board/view/?id=superidea&no=246157&page=10","25571","157"
"보스 리워드 ... 메이플 vs 로아 비교 ....jpg","https://gall.dcinside.com/board/view/?id=superidea&no=246156&page=10","29035","315"
"리니지....신화 변신 캐릭터 외형....jpg","https://gall.dcinside.com/board/view/?id=superidea&no=246155&page=10","40658","272"
"간담회 준비 상황을 공유드립니다.","https://gall.dcinside.com/board/view/?id=superidea&no=246154&page=10","16679","111"
"[주위리] 듀어스 더블더블 32년","https://gall.dcinside.com/board/view/?id=superidea&no=246153&page=10","4737","18"
"[ㅇㅎ]BJ 혜밍","https://gall.dcinside.com/board/view/?id=superidea&no=246152&page=10","34388","72"
"32살 주식때문에 진심 인생 끝내고싶네... 진지하다 조언부탁한다","https://gall.dcinside.com/board/view/?id=superidea&no=246151&page=10","25192","62"
"(속보) 길원옥 육성 증언 나왔다 “윤미향, 어딜 가나 날 이용만 해”","https://gall.dcinside.com/board/view/?id=superidea&no=246150&page=10","9006","258"
